date,open,high,close,low,volume,price_change,p_change,ma5,ma10,ma20,v_ma5,v_ma10,v_ma20,pos,pnl,fee,netpnl,cumpnl
10/21/14,1.655,1.659,1.646,1.645,3482982,-0.009,-0.54,1.646,1.646,1.646,3482982,3482982,3482982,0,0,0,0,0
10/22/14,1.646,1.658,1.644,1.642,4046643.5,-0.002,-0.12,1.645,1.645,1.645,3764812.75,3764812.75,3764812.75,-10000,20,2.469,22.469,22.469
10/23/14,1.643,1.649,1.632,1.631,4219692.5,-0.012,-0.73,1.641,1.641,1.641,3916439.33,3916439.33,3916439.33,-10000,120,0,120,142.469
10/24/14,1.633,1.637,1.629,1.627,3660862.25,-0.003,-0.18,1.638,1.638,1.638,3852545.06,3852545.06,3852545.06,-10000,30,0,30,172.469
10/27/14,1.619,1.619,1.604,1.602,4368667,-0.025,-1.53,1.631,1.631,1.631,3955769.45,3955769.45,3955769.45,-10000,250,0,250,422.469
10/28/14,1.607,1.631,1.629,1.606,4512520.5,0.025,1.56,1.628,1.631,1.631,4161677.15,4048561.29,4048561.29,-10000,-250,0,-250,172.469
10/29/14,1.636,1.661,1.651,1.631,4288524.5,0.022,1.35,1.629,1.634,1.634,4210053.35,4082841.75,4082841.75,-10000,-220,0,-220,-47.531
10/30/14,1.651,1.67,1.663,1.646,3677726,0.012,0.73,1.635,1.637,1.637,4101660.05,4032202.28,4032202.28,-10000,-120,0,-120,-167.531
10/31/14,1.669,1.715,1.705,1.669,6673714,0.042,2.53,1.65,1.645,1.645,4704230.4,4325703.58,4325703.58,-10000,-420,0,-420,-587.531
11/3/14,1.706,1.71,1.695,1.693,4810800.5,-0.01,-0.59,1.669,1.65,1.65,4792657.1,4374213.28,4374213.28,10000,-100,5.115,-94.885,-682.416
11/4/14,1.691,1.696,1.69,1.686,4357221,-0.005,-0.29,1.681,1.654,1.653,4761597.2,4461637.18,4372668.52,10000,-50,0,-50,-732.416
11/5/14,1.691,1.693,1.685,1.679,4160845.5,-0.005,-0.3,1.688,1.658,1.656,4736061.4,4473057.38,4355016.6,10000,-50,0,-50,-782.416
11/6/14,1.687,1.693,1.682,1.674,4687573.5,-0.003,-0.18,1.691,1.663,1.658,4938030.9,4519845.47,4380597.9,10000,-30,0,-30,-812.416
11/7/14,1.682,1.716,1.687,1.679,5830391,0.005,0.3,1.688,1.669,1.66,4769366.3,4736798.35,4484154.55,10000,50,0,50,-762.416
11/10/14,1.715,1.737,1.735,1.704,5689842,0.048,2.85,1.696,1.682,1.665,4945174.6,4868915.85,4564533.72,10000,480,0,480,-282.416
11/11/14,1.747,1.788,1.757,1.741,8497231,0.022,1.27,1.709,1.695,1.671,5773176.6,5267386.9,4810327.3,10000,220,0,220,-62.416
11/12/14,1.749,1.778,1.776,1.743,5134096,0.019,1.08,1.727,1.708,1.677,5967826.7,5351944.05,4829372.51,10000,190,0,190,127.584
11/13/14,1.78,1.798,1.775,1.768,5819074.5,-0.001,-0.06,1.746,1.719,1.683,6194126.9,5566078.9,4884355.96,10000,-10,0,-10,117.584
11/14/14,1.77,1.775,1.774,1.756,4877671.5,-0.001,-0.06,1.763,1.726,1.687,6003583,5386474.65,4884004.14,10000,-10,0,-10,107.584
11/17/14,1.763,1.768,1.709,1.708,4279457,-0.022,-1.27,1.758,1.727,1.688,5721506,5333340.3,4853776.79,10000,-220,0,-220,-112.416
11/18/14,1.711,1.715,1.684,1.681,3831727,-0.025,-1.46,1.744,1.726,1.69,4788405.2,5280790.9,4871214.04,10000,-250,0,-250,-362.416
11/19/14,1.683,1.686,1.675,1.67,4272706,-0.009,-0.53,1.723,1.725,1.692,4616127.2,5291976.95,4882517.16,10000,-90,0,-90,-452.416
11/20/14,1.67,1.686,1.678,1.665,4492058.5,0.003,0.18,1.704,1.725,1.694,4350724,5272425.45,4896135.46,10000,30,0,30,-422.416
11/21/14,1.68,1.723,1.72,1.673,5940909.5,0.042,2.5,1.693,1.728,1.699,4563371.6,5283477.3,5010137.83,10000,420,0,420,-2.416
11/24/14,1.728,1.78,1.759,1.727,7643415.5,0.039,2.27,1.703,1.731,1.706,5236163.3,5478834.65,5173875.25,-10000,-390,5.16,-384.84,-387.256
11/25/14,1.757,1.78,1.774,1.754,7574337,0.015,0.85,1.721,1.732,1.714,5984685.3,5386545.25,5326966.08,-10000,-150,0,-150,-537.256
11/26/14,1.782,1.816,1.816,1.782,6305776.5,0.042,2.37,1.749,1.736,1.722,6391299.4,5503713.3,5427828.68,10000,420,5.322,425.322,-111.934
11/27/14,1.828,1.852,1.851,1.825,7166363,0.035,1.93,1.784,1.744,1.731,6926160.3,5638442.15,5602260.53,10000,350,0,350,238.066
11/28/14,1.851,1.918,1.912,1.843,8946556,0.061,3.3,1.822,1.758,1.742,7527289.6,6045330.6,5715902.63,10000,610,0,610,848.066
12/1/14,1.933,1.963,1.918,1.915,9803680,0.006,0.31,1.854,1.779,1.753,7959342.5,6597752.9,5965546.6,10000,60,0,60,908.066
12/2/14,1.907,2.043,2.023,1.906,11910518,0.105,5.47,1.904,1.813,1.77,8826578.7,7405632,6343211.45,10000,1050,0,1050,1958.066
12/3/14,2.036,2.108,2.033,2,12225523,0.01,0.49,1.947,1.848,1.787,10010528,8200913.7,6746445.33,10000,100,0,100,2058.066
12/4/14,2.045,2.18,2.179,2.03,11110291,0.146,7.18,2.013,1.899,1.812,10799313.6,8862736.95,7067581.2,10000,1460,0,1460,3518.066
12/5/14,2.206,2.257,2.196,2.116,16028496,0.017,0.78,2.07,1.946,1.837,12215701.6,9871495.6,7577486.45,10000,170,0,170,3688.066
12/8/14,2.175,2.329,2.312,2.143,12162508,0.116,5.28,2.149,2.001,1.866,12687467.2,10323404.85,7901119.75,10000,1160,0,1160,4848.066
12/9/14,2.28,2.4,2.169,2.135,15903645,-0.143,-6.18,2.178,2.041,1.887,13486092.6,11156335.65,8271440.45,10000,-1430,0,-1430,3418.066
12/10/14,2.186,2.247,2.239,2.101,15965275,0.07,3.23,2.219,2.083,1.91,14234043,12122285.5,8812999.4,10000,700,0,700,4118.066
12/11/14,2.217,2.25,2.182,2.175,12329542,-0.057,-2.55,2.22,2.116,1.93,14477893.2,12638603.4,9138522.78,10000,-570,0,-570,3548.066
12/12/14,2.182,2.234,2.182,2.161,9403562,0,0,2.217,2.143,1.951,13152906.4,12684304,9364817.3,10000,0,0,0,3548.066
12/15/14,2.177,2.195,2.184,2.124,9456133,0.002,0.09,2.191,2.17,1.974,12611631.4,12649549.3,9623651.1,10000,20,0,20,3568.066
12/16/14,2.188,2.283,2.281,2.178,13292428,0.097,4.44,2.214,2.196,2.004,12089388,12787740.3,10096686.15,10000,970,0,970,4538.066
12/17/14,2.3,2.369,2.356,2.28,13505755,0.075,3.29,2.237,2.228,2.038,11597484,12915763.5,10558338.6,10000,750,0,750,5288.066
12/18/14,2.358,2.388,2.338,2.321,11147140,-0.018,-0.76,2.268,2.244,2.071,11361003.6,12919448.4,10891092.68,10000,-180,0,-180,5108.066
12/19/14,2.341,2.381,2.368,2.283,13030564,0.03,1.28,2.305,2.261,2.104,12086404,12619655.2,11245575.4,10000,300,0,300,5408.066
12/22/14,2.37,2.457,2.405,2.355,14107199,0.037,1.56,2.35,2.27,2.136,13016617.2,12814124.3,11568764.58,10000,370,0,370,5778.066
12/23/14,2.378,2.44,2.353,2.33,10310056,-0.052,-2.16,2.364,2.289,2.165,12420142.8,12254765.4,11705550.53,10000,-520,0,-520,5258.066
12/24/14,2.356,2.363,2.256,2.228,12316174,-0.097,-4.12,2.344,2.291,2.187,12182226.6,11889855.3,12006070.4,10000,-970,0,-970,4288.066
12/25/14,2.28,2.345,2.344,2.252,10771862,0.088,3.9,2.345,2.307,2.212,12107171,11734087.3,12186345.35,10000,880,0,880,5168.066
12/26/14,2.345,2.455,2.452,2.341,13761034,0.108,4.61,2.362,2.334,2.239,12253265,12169834.5,12427069.25,10000,1080,0,1080,6248.066
12/29/14,2.51,2.534,2.459,2.42,14977119,0.007,0.28,2.373,2.361,2.266,12427249,12721933.1,12685741.2,10000,70,0,70,6318.066
12/30/14,2.459,2.52,2.492,2.44,18539512,0.033,1.34,2.401,2.382,2.289,14073140.2,13246641.5,13017190.9,10000,330,0,330,6648.066
12/31/14,2.499,2.562,2.552,2.481,17180510,0.06,2.41,2.46,2.402,2.315,15046007.4,13614117,13264940.25,10000,600,0,600,7248.066
1/5/15,2.58,2.655,2.622,2.555,15964693,0.07,2.74,2.515,2.43,2.337,16084573.6,14095872.3,13507660.35,10000,700,0,700,7948.066
1/6/15,2.6,2.651,2.592,2.561,15561868,-0.03,-1.14,2.543,2.453,2.357,16444740.4,14349002.7,13484328.95,10000,-300,0,-300,7648.066
1/7/15,2.575,2.622,2.588,2.558,8887969,-0.004,-0.15,2.569,2.471,2.371,15226910.4,13827079.7,13320602,10000,-40,0,-40,7608.066
1/8/15,2.599,2.61,2.518,2.51,7936625,-0.07,-2.71,2.574,2.488,2.388,13106333,13589736.6,12922251,10000,-700,0,-700,6908.066
1/9/15,2.51,2.644,2.524,2.496,11561505,0.006,0.24,2.569,2.514,2.402,11982532,13514269.7,12702062.5,10000,60,0,60,6968.066
1/12/15,2.553,2.555,2.5,2.458,15146453,-0.024,-0.95,2.544,2.53,2.418,11818884,13951728.8,12842908.05,10000,-240,0,-240,6728.066
1/13/15,2.5,2.524,2.485,2.471,8537999,-0.015,-0.6,2.523,2.533,2.433,10414110.2,13429425.3,12799629.9,10000,-150,0,-150,6578.066
1/14/15,2.495,2.53,2.494,2.466,12076945,0.009,0.36,2.504,2.537,2.449,11051905.4,13139407.9,12930670.5,10000,90,0,90,6668.066
1/15/15,2.494,2.59,2.586,2.475,19402258,0.092,3.69,2.518,2.546,2.464,13345032,13225682.5,13236162,10000,920,0,920,7588.066
1/16/15,2.598,2.634,2.604,2.581,16932152,0.018,0.7,2.534,2.551,2.477,14419161.4,13200846.7,13407481.85,10000,180,0,180,7768.066
1/19/15,2.43,2.465,2.344,2.344,18004160,-0.26,-9.98,2.503,2.524,2.477,14990702.8,13404793.4,13750332.85,10000,-2600,0,-2600,5168.066
1/20/15,2.341,2.4,2.361,2.316,18381170,0.017,0.72,2.478,2.5,2.477,16959337,13686723.6,14017863.15,10000,170,0,170,5338.066
1/21/15,2.386,2.517,2.503,2.372,16442957,0.142,6.01,2.48,2.492,2.481,17832539.4,14442222.4,14134651.05,10000,1420,0,1420,6758.066
1/22/15,2.51,2.515,2.499,2.462,16531089,-0.004,-0.16,2.462,2.49,2.489,17258305.6,15301668.8,14445702.7,-10000,40,7.509,47.509,6805.575
1/23/15,2.514,2.569,2.524,2.499,19467750,0.025,1,2.446,2.49,2.502,17765425.2,16092293.3,14803281.5,-10000,-250,0,-250,6555.575
1/26/15,2.531,2.531,2.519,2.485,10965950,-0.005,-0.2,2.481,2.492,2.511,16357783.2,15674243,14812985.9,-10000,50,0,50,6605.575
1/27/15,2.529,2.532,2.478,2.436,13883847,-0.041,-1.63,2.505,2.491,2.512,15458318.6,16208827.8,14819126.55,-10000,410,0,410,7015.575
1/28/15,2.452,2.493,2.442,2.435,14169617,-0.036,-1.45,2.492,2.486,2.511,15003650.6,16418095,14778751.45,-10000,360,0,360,7375.575
1/29/15,2.403,2.422,2.4,2.379,9797907,-0.042,-1.72,2.473,2.467,2.507,13657014.2,15457659.9,14341671.2,-10000,420,0,420,7795.575
1/30/15,2.415,2.433,2.367,2.358,11434916,-0.033,-1.38,2.441,2.444,2.498,12050447.4,14907936.3,14054391.5,-10000,330,0,330,8125.575
2/2/15,2.301,2.342,2.299,2.293,11763678,-0.068,-2.87,2.397,2.439,2.481,12209993,14283888.1,13844340.75,-10000,680,0,680,8805.575
2/3/15,2.329,2.378,2.367,2.3,12359149,0.068,2.96,2.375,2.44,2.47,11905053.4,13681686,13684204.8,-10000,-680,0,-680,8125.575
2/4/15,2.375,2.404,2.334,2.331,12441324,-0.033,-1.39,2.353,2.423,2.457,11559394.8,13281522.7,13861872.55,-10000,330,0,330,8455.575
2/5/15,2.42,2.426,2.316,2.313,15494610,-0.018,-0.77,2.337,2.405,2.447,12698735.4,13177874.8,14239771.8,-10000,180,0,180,8635.575
2/6/15,2.311,2.333,2.291,2.27,14633780,-0.025,-1.08,2.321,2.381,2.436,13338508.2,12694477.8,14393385.55,-10000,250,0,250,8885.575
2/9/15,2.291,2.359,2.331,2.28,16392675,0.04,1.75,2.328,2.363,2.427,14264307.6,13237150.3,14455696.65,-10000,-400,0,-400,8485.575
2/10/15,2.331,2.374,2.369,2.321,14049515,0.038,1.63,2.328,2.352,2.421,14602380.8,13253717.1,14731272.45,-10000,-380,0,-380,8105.575
2/11/15,2.371,2.388,2.38,2.359,9498342,0.011,0.46,2.337,2.345,2.416,14013784.4,12786589.6,14602342.3,-10000,-110,0,-110,7995.575
2/12/15,2.379,2.391,2.384,2.351,7281668,0.004,0.17,2.351,2.344,2.406,12371196,12534965.7,13996312.8,-10000,-40,0,-40,7955.575
2/13/15,2.39,2.429,2.39,2.382,10730074,0.006,0.25,2.371,2.346,2.395,11590454.8,12464481.5,13686208.9,-10000,-60,0,-60,7895.575
2/16/15,2.39,2.403,2.394,2.379,6561741,0.004,0.17,2.383,2.356,2.397,9624268,11944287.8,13114087.95,-10000,-40,0,-40,7855.575
2/17/15,2.401,2.429,2.411,2.401,7073138.5,0.017,0.71,2.392,2.36,2.4,8228992.7,11415686.75,12548686.38,-10000,-170,0,-170,7685.575
2/25/15,2.411,2.411,2.37,2.359,6214187,-0.041,-1.7,2.39,2.364,2.393,7572161.7,10792973.05,12037247.88,-10000,410,0,410,8095.575
2/26/15,2.368,2.452,2.45,2.348,12779198,0.08,3.38,2.403,2.377,2.391,8671667.7,10521431.85,11849653.33,-10000,-800,0,-800,7295.575
2/27/15,2.447,2.465,2.438,2.428,8649076,-0.012,-0.49,2.413,2.392,2.387,8255468.1,9922961.45,11308719.63,10000,-120,7.35,-112.65,7182.925
3/2/15,2.456,2.46,2.441,2.424,11234643,0.003,0.12,2.422,2.403,2.383,9190048.5,9407158.25,11322154.28,10000,30,0,30,7212.925
3/3/15,2.427,2.427,2.364,2.36,10905398,-0.077,-3.15,2.413,2.402,2.377,9956500.4,9092746.55,11173231.83,10000,-770,0,-770,6442.925
3/4/15,2.368,2.381,2.362,2.342,10776613,-0.002,-0.09,2.411,2.4,2.373,10868985.6,9220573.65,11003581.63,10000,-20,0,-20,6422.925
3/5/15,2.345,2.351,2.334,2.312,11686132,-0.028,-1.19,2.388,2.395,2.37,10650372.4,9661020.05,11097992.88,10000,-280,0,-280,6142.925
3/6/15,2.335,2.361,2.339,2.333,12732966,0.005,0.21,2.368,2.39,2.368,11467150.4,9861309.25,11162895.38,10000,50,0,50,6192.925
3/9/15,2.3,2.41,2.397,2.289,16164937,0.058,2.48,2.359,2.391,2.373,12453209.2,10821628.85,11382958.33,-10000,-580,7.017,-572.983,5619.942
3/10/15,2.381,2.389,2.359,2.355,11403393,-0.038,-1.58,2.358,2.385,2.373,12552808.2,11254654.3,11335170.53,-10000,380,0,380,5999.942
3/11/15,2.363,2.41,2.374,2.362,10765568,0.015,0.64,2.361,2.386,2.375,12550599.2,11709792.4,11251382.73,-10000,-150,0,-150,5849.942
3/12/15,2.404,2.472,2.448,2.388,15312058,0.074,3.12,2.383,2.386,2.381,13275784.4,11963078.4,11242255.13,-10000,-740,0,-740,5109.942
3/13/15,2.458,2.495,2.455,2.44,12204913,0.007,0.29,2.407,2.387,2.39,13170173.8,12318662.1,11120811.78,10000,70,7.344,77.344,5187.286
3/16/15,2.472,2.513,2.51,2.451,11598021,0.055,2.24,2.429,2.394,2.398,12256790.6,12354999.9,10881079.08,10000,550,0,550,5737.286
3/17/15,2.537,2.549,2.543,2.519,10004522,0.033,1.31,2.466,2.412,2.407,11977016.4,12264912.3,10678829.43,10000,330,0,330,6067.286
3/18/15,2.55,2.614,2.611,2.55,11406669,0.068,2.67,2.513,2.437,2.419,12105236.6,12327917.9,10774245.78,10000,680,0,680,6747.286
3/19/15,2.604,2.61,2.587,2.575,12699600,-0.024,-0.92,2.541,2.462,2.429,11582745,12429264.7,11045142.38,10000,-240,0,-240,6507.286
3/20/15,2.599,2.668,2.635,2.576,11945986,0.048,1.85,2.577,2.492,2.441,11530959.6,12350566.7,11105937.98,10000,480,0,480,6987.286
3/23/15,2.656,2.683,2.676,2.647,10152760,0.041,1.56,2.61,2.52,2.455,11241907.4,11749349,11285488.93,10000,410,0,410,7397.286
3/24/15,2.676,2.678,2.638,2.608,11945935,-0.038,-1.42,2.629,2.548,2.467,11630190,11803603.2,11529128.75,10000,-380,0,-380,7017.286
3/25/15,2.63,2.649,2.604,2.582,9765797,-0.034,-1.29,2.628,2.571,2.478,11302015.6,11703626.1,11706709.25,10000,-340,0,-340,6677.286
3/26/15,2.59,2.673,2.643,2.577,10830228,0.039,1.5,2.639,2.59,2.488,10928141.2,11255443.1,11609260.75,10000,390,0,390,7067.286
3/27/15,2.65,2.673,2.649,2.621,6965789,0.006,0.23,2.642,2.61,2.498,9932101.8,10731530.7,11525096.4,10000,60,0,60,7127.286
3/30/15,2.674,2.752,2.74,2.661,12115191,0.091,3.44,2.655,2.633,2.513,10324588,10783247.7,11569123.8,10000,910,0,910,8037.286
3/31/15,2.783,2.815,2.707,2.7,11518648,-0.033,-1.2,2.669,2.649,2.531,10239130.6,10934660.3,11599786.3,10000,-330,0,-330,7707.286
4/1/15,2.713,2.767,2.753,2.71,9343896,0.046,1.7,2.698,2.663,2.55,10154750.4,10728383,11528150.45,10000,460,0,460,8167.286
4/2/15,2.78,2.784,2.739,2.704,7676121,-0.014,-0.51,2.718,2.678,2.57,9523929,10226035.1,11327649.9,10000,-140,0,-140,8027.286
4/3/15,2.726,2.776,2.773,2.724,9358704,0.034,1.24,2.742,2.692,2.592,10002512,9967306.9,11158936.8,10000,340,0,340,8367.286
4/7/15,2.799,2.847,2.842,2.788,10304750,0.069,2.49,2.763,2.709,2.614,9640423.8,9982505.9,10865927.45,10000,690,0,690,9057.286
4/8/15,2.855,2.911,2.898,2.83,17220498,0.056,1.97,2.801,2.735,2.641,10780793.8,10509962.2,11156782.7,10000,560,0,560,9617.286
4/9/15,2.911,2.978,2.877,2.867,16182812,-0.021,-0.72,2.826,2.762,2.666,12148577,11151663.7,11427644.9,10000,-210,0,-210,9407.286
4/10/15,2.878,2.948,2.936,2.867,10013618,0.059,2.05,2.865,2.791,2.691,12616076.4,11070002.7,11162722.9,10000,590,0,590,9997.286
4/13/15,2.99,3.009,2.991,2.965,11757054,0.055,1.87,2.909,2.826,2.718,13095746.4,11549129.2,11140329.95,10000,550,0,550,10547.286
4/14/15,2.991,3.024,2.999,2.966,13417888,0.008,0.27,2.94,2.852,2.742,13718374,11679398.9,11231323.3,10000,80,0,80,10627.286
4/15/15,2.999,3.078,3.011,2.987,15032584,0.012,0.4,2.963,2.882,2.765,13280791.2,12030792.5,11482726.4,10000,120,0,120,10747.286
4/16/15,3.023,3.147,3.145,2.982,34711172,0.134,4.45,3.016,2.921,2.792,16986463.2,14567520.1,12647951.55,10000,1340,0,1340,12087.286
4/17/15,3.24,3.246,3.185,3.157,30992134,0.04,1.27,3.066,2.966,2.822,21182166.4,16899121.4,13562578.25,10000,400,0,400,12487.286
4/20/15,3.203,3.232,3.103,3.09,31337398,-0.082,-2.58,3.089,2.999,2.845,25098235.2,19096990.8,14532148.85,10000,-820,0,-820,11667.286
4/21/15,3.11,3.15,3.141,3.079,15347537,0.038,1.23,3.117,3.029,2.869,25484165,19601269.5,14791887.7,10000,380,0,380,12047.286
4/22/15,3.171,3.248,3.241,3.147,36471408,0.1,3.18,3.163,3.063,2.899,29771929.8,21526360.5,16018161.35,10000,1000,0,1000,13047.286
4/23/15,3.25,3.256,3.212,3.185,18920252,-0.029,-0.9,3.176,3.096,2.929,26613745.8,21800104.5,16475884.1,10000,-290,0,-290,12757.286
4/24/15,3.172,3.192,3.171,3.103,19187186,-0.041,-1.28,3.174,3.12,2.956,24252756.2,22717461.3,16893732,10000,-410,0,-410,12347.286
4/27/15,3.203,3.26,3.255,3.195,18274854,0.084,2.65,3.204,3.146,2.986,21640247.4,23369241.3,17459185.25,10000,840,0,840,13187.286
4/28/15,3.25,3.307,3.228,3.199,23581236,-0.027,-0.83,3.221,3.169,3.01,23286987.2,24385576.1,18032487.5,10000,-270,0,-270,12917.286
4/29/15,3.22,3.246,3.22,3.187,15862078,-0.008,-0.25,3.217,3.19,3.036,19165121.2,24468525.5,18249659,10000,-80,0,-80,12837.286
4/30/15,3.235,3.249,3.198,3.196,9605574,-0.022,-0.68,3.214,3.195,3.058,17302185.6,21957965.7,18262742.9,10000,-220,0,-220,12617.286
5/4/15,3.2,3.217,3.211,3.15,11673041,0.013,0.41,3.222,3.198,3.082,15799356.6,20026056.4,18462588.9,10000,130,0,130,12747.286
5/5/15,3.209,3.211,3.096,3.083,15107108,-0.115,-3.58,3.191,3.197,3.098,15165807.4,18403027.4,18750009.1,10000,-1150,0,-1150,11597.286
5/6/15,3.11,3.188,3.083,3.053,17619166,-0.013,-0.42,3.162,3.192,3.11,13973393.4,18630190.3,19115729.9,10000,-130,0,-130,11467.286
5/7/15,3.08,3.09,3.045,3.04,15346729,-0.038,-1.23,3.127,3.172,3.117,13870323.6,16517722.4,19022041.45,10000,-380,0,-380,11087.286
5/8/15,3.071,3.078,3.055,2.991,14426577,0.01,0.33,3.098,3.156,3.126,14834524.2,16068354.9,18934229.7,10000,100,0,100,11187.286
5/11/15,3.055,3.116,3.11,3.02,13744906,0.055,1.8,3.078,3.15,3.135,15248897.2,15524126.9,19120794.1,-10000,-550,9.165,-540.835,10646.451
5/12/15,3.103,3.143,3.129,3.079,14619614,0.019,0.61,3.084,3.138,3.142,15151398.4,15158602.9,19263922.1,-10000,-190,0,-190,10456.451
5/13/15,3.129,3.135,3.084,3.067,12618065,-0.045,-1.44,3.085,3.123,3.146,14151178.2,14062285.8,19223930.95,-10000,450,0,450,10906.451
5/14/15,3.077,3.099,3.073,3.055,13294763,-0.011,-0.36,3.09,3.108,3.149,13740785,13805554.3,19137039.9,-10000,110,0,110,11016.451
5/15/15,3.073,3.073,3.006,2.995,18375722,-0.067,-2.18,3.08,3.089,3.142,14530614,14682569.1,18320267.4,-10000,670,0,670,11686.451
5/18/15,2.98,2.999,2.946,2.945,13291300,-0.06,-2,3.048,3.063,3.13,14439892.8,14844395,17435225.7,-10000,600,0,600,12286.451
5/19/15,2.946,3.073,3.066,2.94,17438830,0.12,4.07,3.035,3.06,3.129,15003736,15077567.2,16740297.3,-10000,-1200,0,-1200,11086.451
5/20/15,3.084,3.127,3.066,3.051,24367022,0,0,3.031,3.058,3.125,17353527.4,15752352.8,17191271.55,-10000,0,0,0,11086.451
5/21/15,3.089,3.114,3.104,3.065,10626025,0.038,1.24,3.038,3.064,3.118,16819779.8,15280282.4,15899002.4,-10000,-380,0,-380,10706.451
5/22/15,3.139,3.201,3.199,3.118,23736404,0.095,3.06,3.076,3.078,3.117,17891916.2,16211265.1,16139810,-10000,-950,0,-950,9756.451
5/25/15,3.237,3.306,3.303,3.216,23304790,0.104,3.25,3.148,3.098,3.124,19894614.2,17167253.5,16345690.2,-10000,-1040,0,-1040,8716.451
5/26/15,3.328,3.347,3.32,3.261,18773644,0.017,0.52,3.198,3.117,3.127,20161577,17582656.5,16370629.7,10000,170,9.909,179.909,8896.36
5/27/15,3.334,3.351,3.285,3.266,19038462,-0.035,-1.05,3.242,3.137,3.13,19095865,18224696.2,16143491,10000,-350,0,-350,8546.36
5/28/15,3.285,3.3,3.079,3.05,22654286,-0.206,-6.27,3.237,3.137,3.123,21501517.2,19160648.5,16483101.4,10000,-2060,0,-2060,6486.36
5/29/15,3.081,3.114,3.066,2.996,18680008,-0.013,-0.42,3.211,3.143,3.116,20490238,19191077.1,16936823.1,10000,-130,0,-130,6356.36
6/1/15,3.066,3.21,3.198,3.031,14196628,0.132,4.3,3.19,3.169,3.116,18668605.6,19281609.9,17063002.45,10000,1320,0,1320,7676.36
6/2/15,3.194,3.219,3.209,3.149,12345328,0.011,0.34,3.167,3.183,3.121,17382942.4,18772259.7,16924913.45,10000,110,0,110,7786.36
6/3/15,3.205,3.213,3.191,3.147,10001942,-0.018,-0.56,3.149,3.195,3.127,15575638.4,17335751.7,16544052.25,10000,-180,0,-180,7606.36
6/4/15,3.191,3.277,3.259,3.05,21038488,0.068,2.13,3.185,3.211,3.137,15252478.8,18376998,16828640.2,10000,680,0,680,8286.36
6/5/15,3.34,3.35,3.254,3.188,18668724,-0.005,-0.15,3.222,3.216,3.147,15250222,17870230,17040747.55,10000,-50,0,-50,8236.36
6/8/15,3.28,3.448,3.427,3.256,32458810,0.173,5.32,3.268,3.229,3.163,18902658.4,18785632,17976442.75,10000,1730,0,1730,9966.36
6/9/15,3.459,3.465,3.361,3.326,33119586,-0.066,-1.93,3.298,3.233,3.175,23057510,20220226.2,18901441.35,10000,-660,0,-660,9306.36
6/10/15,3.316,3.375,3.32,3.291,17449128,-0.041,-1.22,3.324,3.236,3.187,24546947.2,20061292.8,19142994.5,10000,-410,0,-410,8896.36
6/11/15,3.334,3.345,3.3,3.27,22170886,-0.02,-0.6,3.332,3.259,3.198,24773426.8,20012952.8,19586800.65,10000,-200,0,-200,8696.36
6/12/15,3.323,3.338,3.313,3.27,17253162,0.013,0.39,3.344,3.283,3.213,24490314.4,19870268.2,19530672.65,10000,130,0,130,8826.36
6/15/15,3.334,3.349,3.216,3.21,28420112,-0.097,-2.93,3.302,3.285,3.227,23682574.8,21292616.6,20287113.25,10000,-970,0,-970,7856.36
6/16/15,3.2,3.24,3.15,3.11,21474836,-0.07,-2.17,3.26,3.279,3.231,21353624.8,22205567.4,20488913.55,10000,-700,0,-700,7156.36
6/17/15,3.16,3.19,3.17,3.11,21474836,0.02,0.64,3.23,3.277,3.236,22158766.4,23352856.8,20344304.25,10000,200,0,200,7356.36
6/18/15,3.16,3.16,3.04,3.03,15537654,-0.14,-4.4,3.178,3.255,3.233,20832120,22802773.4,20589885.7,-10000,1400,9.51,1409.51,8765.87
6/19/15,3.03,3.04,2.88,2.87,21222148,-0.16,-5.26,3.091,3.218,3.217,21625917.2,23058115.8,20464172.9,-10000,1600,0,1600,10365.87
6/23/15,2.89,2.99,2.97,2.8,25737114,0.1,3.48,3.042,3.172,3.2,21089317.6,22385946.2,20585789.1,-10000,-1000,0,-1000,9365.87
6/24/15,2.99,3.03,3.02,2.92,22696738,0.04,1.34,3.016,3.138,3.185,21333698,21343661.4,20781943.8,-10000,-400,0,-400,8965.87
6/25/15,3.05,3.06,2.92,2.91,22398614,-0.1,-3.31,2.966,3.098,3.167,21518453.6,21838610,20949951.4,-10000,1000,0,1000,9965.87
6/26/15,2.86,2.93,2.68,2.64,40919972,-0.24,-8.22,2.894,3.036,3.147,26594917.2,23713518.6,21863235.7,-10000,2400,0,2400,12365.87
6/29/15,2.77,2.8,2.65,2.48,77379368,-0.04,-1.49,2.848,2.97,3.126,37826361.2,29726139.2,24798203.7,-10000,400,0,400,12765.87
6/30/15,2.66,2.86,2.85,2.6,68023664,0.19,7.14,2.824,2.933,3.109,46283671.2,33686494.4,27489555.5,-10000,-1900,0,-1900,10865.87
7/1/15,2.81,2.85,2.71,2.69,44334032,-0.14,-4.91,2.762,2.889,3.084,50611130,35972414,29088990.7,-10000,1400,0,1400,12265.87
7/2/15,2.79,2.79,2.68,2.58,58652952,-0.05,-1.83,2.714,2.84,3.059,57861997.6,39690225.6,31521541.2,-10000,500,0,500,12765.87
7/3/15,2.66,2.73,2.58,2.5,44648720,-0.1,-3.73,2.694,2.794,3.025,58607747.2,42601332.2,32702052.8,-10000,1000,0,1000,13765.87
7/6/15,2.84,2.84,2.74,2.64,91468312,0.16,6.2,2.712,2.78,2.999,61425536,49625948.6,36342032.2,-10000,-1600,0,-1600,12165.87
7/7/15,2.68,2.82,2.79,2.61,66501032,0.05,1.82,2.7,2.762,2.967,61121009.6,53702340.4,38044143.3,-10000,-500,0,-500,11665.87
7/8/15,2.6,2.76,2.6,2.51,70549864,-0.19,-6.81,2.678,2.72,2.929,66364176,58487653,39915657.2,-10000,1900,0,1900,13565.87
7/9/15,2.53,2.86,2.8,2.48,38934412,0.2,7.69,2.702,2.708,2.903,62420468,60141232.8,40989921.4,-10000,-2000,0,-2000,11565.87
7/10/15,2.74,3.01,2.91,2.71,41525732,0.12,4.3,2.768,2.731,2.883,61795870.4,60201808.8,41957663.7,-10000,-1200,0,-1200,10365.87
7/13/15,2.84,2.95,2.86,2.8,29219060,-0.05,-1.72,2.792,2.752,2.861,49346020,55385778,42555958.6,-10000,500,0,500,10865.87
7/14/15,2.81,2.84,2.76,2.72,22167416,-0.1,-3.5,2.786,2.743,2.838,40479296.8,50800153.2,42243323.8,-10000,1000,0,1000,11865.87
7/15/15,2.73,2.78,2.75,2.67,29629602,-0.01,-0.36,2.816,2.747,2.818,32295244.4,49329710.2,42651062.1,-10000,100,0,100,11965.87
7/16/15,2.75,2.78,2.74,2.7,23305910,-0.01,-0.36,2.804,2.753,2.797,29169544,45795006,42742615.8,-10000,100,0,100,12065.87
7/17/15,2.76,2.84,2.8,2.72,17912400,0.06,2.19,2.782,2.775,2.785,24446877.6,43121374,42861353.1,10000,600,8.22,608.22,12674.09
7/20/15,2.79,2.81,2.78,2.76,13690408,-0.02,-0.71,2.766,2.779,2.78,21341147.2,35343583.6,42484766.1,-10000,200,8.4,208.4,12882.49
7/21/15,2.73,2.8,2.77,2.73,10213249,-0.01,-0.36,2.768,2.777,2.77,18950313.8,29714805.3,41708572.85,-10000,100,0,100,12982.49
7/22/15,2.76,2.77,2.74,2.72,8541650,-0.03,-1.08,2.766,2.791,2.756,14732723.4,23513983.9,41000818.45,-10000,300,0,300,13282.49
7/23/15,2.74,2.8,2.79,2.74,13379611,0.05,1.82,2.776,2.79,2.749,12747463.6,20958503.8,40549868.3,10000,500,8.22,508.22,13790.71
7/24/15,2.79,2.81,2.74,2.73,10920953,-0.05,-1.79,2.764,2.773,2.752,11349174.2,17898025.9,39049917.35,10000,-500,0,-500,13290.71
7/27/15,2.72,2.72,2.49,2.49,13794270,-0.26,-9.46,2.706,2.736,2.744,11369946.6,16355546.9,35870662.45,10000,-2600,0,-2600,10690.71
7/28/15,2.44,2.53,2.48,2.41,26121822,-0.01,-0.4,2.648,2.708,2.726,14551661.2,16750987.5,33775570.35,-10000,100,7.47,107.47,10798.18
7/29/15,2.5,2.54,2.54,2.46,10930437,0.06,2.42,2.608,2.687,2.717,15029418.6,14881071,32105390.6,-10000,-600,0,-600,10198.18
7/30/15,2.52,2.55,2.47,2.46,9086653,-0.06,-2.37,2.544,2.66,2.707,14170827,13459145.3,29627075.65,-10000,600,0,600,10798.18
7/31/15,2.46,2.5,2.46,2.44,9267302,-0.01,-0.41,2.488,2.626,2.701,13840096.8,12594635.5,27858004.75,-10000,100,0,100,10898.18
8/3/15,2.44,2.48,2.48,2.42,7280004,0.02,0.81,2.486,2.596,2.688,12537243.6,11953595.1,23648589.35,-10000,-200,0,-200,10698.18
8/4/15,2.49,2.54,2.54,2.47,6892335,0.06,2.42,2.498,2.573,2.675,8691346.2,11621503.7,20668154.5,-10000,-600,0,-600,10098.18
8/5/15,2.53,2.54,2.49,2.49,6474482.5,-0.05,-1.97,2.488,2.548,2.67,7800155.3,11414786.95,17464385.43,-10000,500,0,500,10598.18
8/6/15,2.47,2.51,2.47,2.45,6547838.5,-0.02,-0.8,2.488,2.516,2.653,7292392.4,10731609.7,15845056.75,-10000,200,0,200,10798.18
8/7/15,2.49,2.52,2.5,2.48,7024853.5,0.03,1.22,2.496,2.492,2.633,6843902.7,10341999.75,14120012.83,-10000,-300,0,-300,10498.18
8/10/15,2.52,2.63,2.62,2.52,7033249.5,0.12,4.8,2.524,2.505,2.621,6794551.8,9665897.7,13010722.3,-10000,-1200,0,-1200,9298.18
8/11/15,2.62,2.62,2.59,2.58,4580237.5,-0.03,-1.15,2.534,2.516,2.612,6332132.3,7511739.25,12131363.38,-10000,300,0,300,9598.18
8/12/15,2.57,2.6,2.57,2.56,5478431,-0.02,-0.77,2.55,2.519,2.603,6132922,6966538.65,10923804.83,-10000,200,0,200,9798.18
8/13/15,2.56,2.59,2.58,2.52,6611362.5,0.02,0.78,2.572,2.53,2.595,6145626.8,6719009.6,10089077.45,-10000,-200,0,-200,9598.18
8/14/15,2.59,2.59,2.57,2.56,5615007.5,-0.01,-0.39,2.586,2.541,2.584,5863657.6,6353780.15,9474207.82,-10000,100,0,100,9698.18
8/17/15,2.56,2.56,2.55,2.52,4837135,-0.03,-1.16,2.572,2.548,2.572,5424434.7,6109493.25,9031544.18,10000,-300,7.71,-292.29,9405.89
8/18/15,2.55,2.57,2.41,2.39,8578147,-0.14,-5.49,2.536,2.535,2.554,6224016.6,6278074.45,8949789.07,-10000,1400,7.65,1407.65,10813.54
8/19/15,2.4,2.44,2.43,2.33,14513427,0.02,0.83,2.508,2.529,2.539,8031015.8,7081968.9,9248377.93,-10000,-200,0,-200,10613.54
8/20/15,2.4,2.42,2.36,2.36,7011993.5,-0.07,-2.88,2.464,2.518,2.517,8111142,7128384.4,8929997.05,-10000,700,0,700,11313.54
8/21/15,2.33,2.36,2.28,2.27,10205282,-0.08,-3.39,2.406,2.496,2.494,9029196.9,7446427.25,8894213.5,-10000,800,0,800,12113.54
8/24/15,2.22,2.22,2.05,2.05,10185733,-0.22,-9.69,2.306,2.439,2.472,10098916.5,7761675.6,8713786.65,-10000,2200,0,2200,14313.54
8/25/15,1.94,2.05,1.89,1.87,19637012,-0.16,-7.8,2.202,2.369,2.443,12310689.5,9267353.05,8389546.15,-10000,1600,0,1600,15913.54
8/26/15,1.94,2.03,1.94,1.88,24642772,0.05,2.65,2.104,2.306,2.413,14336558.5,11183787.15,9075162.9,-10000,-500,0,-500,15413.54
8/27/15,2,2.12,2.12,1.96,17054224,0.17,8.72,2.056,2.26,2.395,16345004.6,12228073.3,9473541.45,-10000,-1700,0,-1700,13713.54
8/28/15,2.14,2.17,2.17,2.1,17883660,0.06,2.84,2.034,2.22,2.381,17880680.2,13454938.55,9904359.35,-10000,-600,0,-600,13113.54
8/31/15,2.14,2.21,2.21,2.08,12536076,0.04,1.84,2.066,2.186,2.367,18350748.8,14224832.65,10167162.95,-10000,-400,0,-400,12713.54
9/1/15,2.15,2.24,2.22,2.1,17867862,0.01,0.45,2.132,2.167,2.351,17996918.8,15153804.15,10715939.3,-10000,-100,0,-100,12613.54
9/2/15,2.15,2.25,2.22,2.14,17751740,-0.01,-0.45,2.188,2.146,2.338,16618712.4,15477635.45,11279802.18,-10000,100,0,100,12713.54
9/7/15,2.22,2.26,2.14,2.13,7018018.5,-0.1,-4.46,2.192,2.124,2.321,14611471.3,15478237.95,11303311.18,-10000,1000,0,1000,13713.54
9/8/15,2.12,2.19,2.18,2.09,8826627,0.04,1.87,2.194,2.114,2.305,12800064.7,15340372.45,11393399.85,-10000,-400,0,-400,13313.54
9/9/15,2.2,2.23,2.21,2.18,7774865.5,0.03,1.38,2.194,2.13,2.285,11847822.6,15099285.7,11430480.65,-10000,-300,0,-300,13013.54
9/10/15,2.18,2.22,2.2,2.18,6383745,-0.01,-0.45,2.19,2.161,2.265,9550999.2,13773959,11520656.03,-10000,100,0,100,13113.54
9/11/15,2.21,2.22,2.2,2.18,4208979,-0.01,-0.45,2.186,2.187,2.247,6842447,11730579.7,11457183.43,-10000,100,0,100,13213.54
9/14/15,2.21,2.23,2.22,2.12,8682754,0.03,1.37,2.202,2.197,2.229,7175394.1,10893432.7,11560753,-10000,-300,0,-300,12913.54
9/15/15,2.18,2.19,2.15,2.15,7421049,-0.07,-3.15,2.196,2.195,2.208,6894278.5,9847171.6,11651055.08,-10000,700,0,700,13613.54
9/16/15,2.17,2.29,2.24,2.14,6239541,0.07,3.23,2.202,2.198,2.192,6587213.6,9217518.1,11721175.38,-10000,-700,0,-700,12913.54
9/17/15,2.22,2.26,2.2,2.2,7234523,-0.04,-1.79,2.202,2.196,2.182,6757369.2,8154184.2,11653994.18,10000,-400,6.72,-393.28,12520.26
9/18/15,2.21,2.23,2.2,2.19,4984417,0,0,2.202,2.194,2.17,6912456.8,6877451.9,11177543.68,10000,0,0,0,12520.26
9/21/15,2.19,2.22,2.21,2.18,3054092.25,0.01,0.46,2.2,2.201,2.163,5786724.45,6481059.28,10979648.61,10000,100,0,100,12620.26
9/22/15,2.21,2.26,2.24,2.21,4157248.25,0.03,1.36,2.218,2.207,2.161,5133964.3,6014121.4,10677246.93,10000,300,0,300,12920.26
9/23/15,2.19,2.22,2.18,2.18,2901949,-0.06,-2.68,2.206,2.204,2.167,4466445.9,5526829.75,10313057.73,10000,-600,0,-600,12320.26
9/24/15,2.19,2.2,2.19,2.17,1769072.88,0.01,0.46,2.204,2.203,2.182,3373355.88,5065362.54,9419660.77,10000,100,0,100,12420.26
9/25/15,2.18,2.19,2.17,2.15,2731277,-0.02,-0.91,2.198,2.2,2.194,2922727.88,4917592.34,8324086.02,10000,-200,0,-200,12220.26
9/28/15,2.17,2.18,2.18,2.15,1577215.75,0.01,0.46,2.192,2.196,2.197,2627352.58,4207038.51,7550235.61,10000,100,0,100,12320.26
9/29/15,2.15,2.15,2.13,2.12,1238567,-0.04,-1.84,2.17,2.194,2.195,2043616.33,3588790.31,6717980.96,-10000,400,6.54,406.54,12726.8
9/30/15,2.14,2.17,2.15,2.14,1117961.25,0.02,0.94,2.164,2.185,2.192,1686818.78,3076632.34,6147075.22,-10000,-200,0,-200,12526.8
10/8/15,2.24,2.24,2.2,2.19,1831017.75,0.05,2.33,2.166,2.185,2.191,1699207.75,2536281.81,5345233.01,-10000,-500,0,-500,12026.8
10/9/15,2.21,2.23,2.22,2.2,1791459,0.02,0.91,2.176,2.187,2.191,1511244.15,2216986.01,4547218.96,-10000,-200,0,-200,11826.8
10/12/15,2.24,2.32,2.29,2.23,2915809.75,0.07,3.15,2.198,2.195,2.198,1778962.95,2203157.76,4342108.52,-10000,-700,0,-700,11126.8
10/13/15,2.27,2.29,2.28,2.27,2575451.75,-0.01,-0.44,2.228,2.199,2.203,2046339.9,2044978.11,4029549.76,-10000,100,0,100,11226.8
10/14/15,2.26,2.29,2.26,2.26,1882636.62,-0.02,-0.88,2.25,2.207,2.206,2199274.97,1943046.88,3734938.31,10000,-200,6.84,-193.16,11033.64
10/15/15,2.26,2.31,2.3,2.25,3044262,0.04,1.77,2.27,2.218,2.211,2441923.82,2070565.79,3567964.16,10000,400,0,400,11433.64
10/16/15,2.31,2.33,2.32,2.31,3448540.5,0.02,0.87,2.29,2.233,2.217,2773340.12,2142292.14,3529942.24,10000,200,0,200,11633.64
10/19/15,2.32,2.35,2.32,2.3,2869684,0,0,2.296,2.247,2.222,2764114.97,2271538.96,3239288.74,10000,0,0,0,11633.64
10/20/15,2.31,2.34,2.34,2.3,2314235,0.02,0.86,2.308,2.268,2.231,2711871.62,2379105.76,2983948.04,10000,200,0,200,11833.64
10/21/15,2.34,2.37,2.32,2.27,4480909,-0.02,-0.85,2.32,2.285,2.235,3231526.1,2715400.54,2896016.44,10000,-200,0,-200,11633.64
10/22/15,2.33,2.34,2.33,2.3,3204968,0.01,0.43,2.326,2.298,2.242,3263667.3,2852795.56,2694538.69,10000,100,0,100,11733.64
10/23/15,2.34,2.36,2.35,2.32,2816927.75,0.02,0.86,2.332,2.311,2.249,3137344.75,2955342.44,2586164.23,10000,200,0,200,11933.64
10/26/15,2.38,2.39,2.35,2.33,3189778.5,0,0,2.338,2.317,2.256,3201363.65,2982739.31,2592948.54,10000,0,0,0,11933.64
10/27/15,2.34,2.36,2.35,2.3,3688488,0,0,2.34,2.324,2.262,3476214.25,3094042.94,2569510.53,10000,0,0,0,11933.64
10/28/15,2.34,2.34,2.31,2.31,3351763,-0.04,-1.7,2.338,2.329,2.268,3250385.05,3240955.58,2592001.23,10000,-400,0,-400,11533.64
10/29/15,2.31,2.32,2.31,2.3,2210768.25,0,0,2.334,2.33,2.274,3051545.1,3157606.2,2614085.99,10000,0,0,0,11533.64
10/30/15,2.31,2.34,2.31,2.3,2298145.75,0,0,2.326,2.329,2.281,2947788.7,3042566.73,2592429.43,10000,0,0,0,11533.64
11/2/15,2.29,2.31,2.28,2.28,2335515.25,-0.03,-1.3,2.312,2.325,2.286,2776936.05,2989149.85,2630344.41,10000,-300,0,-300,11233.64
11/3/15,2.29,2.3,2.27,2.26,2240547.75,-0.01,-0.44,2.296,2.318,2.293,2487348,2981781.13,2680443.44,10000,-100,0,-100,11133.64
11/4/15,2.28,2.39,2.39,2.28,6242068.5,0.12,5.29,2.312,2.325,2.305,3065409.1,3157897.08,2936648.81,10000,1200,0,1200,12333.64
11/5/15,2.38,2.52,2.45,2.37,7980961.5,0.06,2.51,2.34,2.337,2.318,4219447.75,3635496.43,3244145.99,10000,600,0,600,12933.64
11/6/15,2.44,2.51,2.5,2.42,5376889,0.05,2.04,2.378,2.352,2.332,4835196.4,3891492.55,3423417.49,10000,500,0,500,13433.64
11/9/15,2.5,2.59,2.53,2.5,7129336,0.03,1.2,2.428,2.37,2.344,5793960.55,4285448.3,3634093.81,10000,300,0,300,13733.64
11/10/15,2.51,2.55,2.52,2.5,4001710.25,-0.01,-0.4,2.478,2.387,2.356,6146193.05,4316770.53,3705406.73,10000,-100,0,-100,13633.64
11/11/15,2.52,2.52,2.51,2.47,3550867.25,-0.01,-0.4,2.502,2.407,2.368,5607952.8,4336680.95,3788818.26,10000,-100,0,-100,13533.64
11/12/15,2.51,2.52,2.47,2.46,2718884.75,-0.03,-1.2,2.506,2.423,2.377,4555537.45,4387492.6,3772549.4,10000,-300,0,-300,13233.64
11/13/15,2.45,2.48,2.44,2.44,2817521.25,-0.03,-1.22,2.494,2.436,2.383,4043663.9,4439430.15,3740998.44,10000,-300,0,-300,12933.64
11/16/15,2.4,2.45,2.45,2.4,2121028.5,0.01,0.41,2.478,2.453,2.389,3042002.4,4417981.47,3703565.66,10000,100,0,100,13033.64
11/17/15,2.46,2.51,2.45,2.45,3474785.25,0,0,2.464,2.471,2.395,2936617.4,4541405.22,3761593.18,10000,0,0,0,13033.64
11/18/15,2.45,2.47,2.44,2.43,2628234.75,-0.01,-0.41,2.45,2.476,2.401,2752090.9,4180021.85,3668959.46,10000,-100,0,-100,12933.64
11/19/15,2.44,2.48,2.47,2.43,2482182.25,0.03,1.23,2.45,2.478,2.408,2704750.4,3630143.93,3632820.18,10000,300,0,300,13233.64
11/20/15,2.47,2.48,2.46,2.45,2392857,-0.01,-0.41,2.454,2.474,2.413,2619817.55,3331740.73,3611616.64,10000,-100,0,-100,13133.64
11/23/15,2.46,2.48,2.45,2.42,2273019.25,-0.01,-0.41,2.454,2.466,2.418,2650215.7,2846109.05,3565778.68,10000,-100,0,-100,13033.64
11/24/15,2.45,2.45,2.44,2.42,2498985.5,-0.01,-0.41,2.452,2.458,2.423,2455055.75,2695836.58,3506303.55,10000,-100,0,-100,12933.64
11/25/15,2.44,2.46,2.45,2.42,3903089.25,0.01,0.41,2.454,2.452,2.43,2710026.65,2731058.78,3533869.86,10000,100,0,100,13033.64
11/26/15,2.47,2.48,2.45,2.44,2908015.5,0,0,2.45,2.45,2.437,2795193.3,2749971.85,3568732.23,10000,0,0,0,13033.64
11/27/15,2.44,2.44,2.32,2.3,4906739,-0.13,-5.31,2.422,2.438,2.437,3297969.7,2958893.63,3699161.89,10000,-1300,0,-1300,11733.64
11/30/15,2.33,2.35,2.33,2.29,3545086.75,0.01,0.43,2.398,2.426,2.44,3552383.2,3101299.45,3759640.46,-10000,-100,6.96,-93.04,11640.6
12/1/15,2.33,2.37,2.34,2.31,2875615.5,0.01,0.43,2.378,2.415,2.443,3627709.2,3041382.48,3791393.85,-10000,-100,0,-100,11540.6
12/2/15,2.34,2.47,2.46,2.33,6575117,0.12,5.13,2.38,2.417,2.447,4162114.75,3436070.7,3808046.28,-10000,-1200,0,-1200,10340.6
12/3/15,2.45,2.48,2.46,2.42,4932606.5,0,0,2.382,2.416,2.447,4567032.95,3681113.13,3655628.53,-10000,0,0,0,10340.6
12/4/15,2.43,2.44,2.4,2.39,3904298.25,-0.06,-2.44,2.398,2.41,2.442,4366544.8,3832257.25,3581998.99,-10000,600,0,600,10940.6
12/7/15,2.4,2.41,2.39,2.38,2874676,-0.01,-0.42,2.41,2.404,2.435,4232462.65,3892422.93,3369265.99,-10000,100,0,100,11040.6
12/8/15,2.38,2.39,2.37,2.35,3401550.75,-0.02,-0.84,2.416,2.397,2.428,4337649.7,3982679.45,3339258.01,-10000,200,0,200,11240.6
12/9/15,2.36,2.39,2.37,2.35,3177740,0,0,2.398,2.389,2.421,3658174.3,3910144.53,3320601.65,-10000,0,0,0,11240.6
12/10/15,2.37,2.41,2.36,2.35,3142619.5,-0.01,-0.42,2.378,2.38,2.415,3300176.9,3933604.93,3341788.39,-10000,100,0,100,11340.6
12/11/15,2.34,2.36,2.35,2.32,2490441,-0.01,-0.42,2.368,2.383,2.411,3017405.45,3691975.13,3325434.38,-10000,100,0,100,11440.6
12/14/15,2.32,2.42,2.42,2.32,3719823.75,0.08,3.42,2.374,2.392,2.409,3186435,3709448.83,3405374.14,-10000,-800,0,-800,10640.6
12/15/15,2.4,2.41,2.38,2.37,3147911.25,-0.04,-1.65,2.376,2.396,2.406,3135707.1,3736678.4,3389030.44,-10000,400,0,400,11040.6
12/16/15,2.39,2.39,2.37,2.37,2422531,-0.01,-0.42,2.376,2.387,2.402,2984665.3,3321419.8,3378745.25,-10000,100,0,100,11140.6
12/17/15,2.38,2.43,2.4,2.38,3806960,0.03,1.27,2.384,2.381,2.399,3117533.4,3208855.15,3444984.14,-10000,-300,0,-300,10840.6
12/18/15,2.4,2.46,2.42,2.39,4619023.5,0.02,0.83,2.398,2.383,2.397,3543249.9,3280327.68,3556292.46,-10000,-200,0,-200,10640.6
12/21/15,2.41,2.51,2.5,2.41,6689579,0.08,3.31,2.414,2.394,2.399,4137200.95,3661817.98,3777120.45,10000,800,7.26,807.26,11447.86
12/22/15,2.5,2.5,2.49,2.47,3163662,-0.01,-0.4,2.436,2.406,2.402,4140351.1,3638029.1,3810354.28,10000,-100,0,-100,11347.86
12/23/15,2.49,2.55,2.5,2.49,7109972,0.01,0.4,2.462,2.419,2.404,5077839.3,4031252.3,3970698.41,10000,100,0,100,11447.86
12/24/15,2.5,2.5,2.48,2.45,3871870.5,-0.02,-0.8,2.478,2.431,2.406,5090821.4,4104177.4,4018891.16,10000,-200,0,-200,11247.86
12/25/15,2.48,2.49,2.49,2.47,1735857.88,0.01,0.4,2.492,2.445,2.414,4514188.28,4028719.09,3860347.11,10000,100,0,100,11347.86
12/28/15,2.49,2.5,2.41,2.41,2740406.25,-0.08,-3.21,2.474,2.444,2.418,3724353.73,3930777.34,3820113.08,10000,-800,0,-800,10547.86
12/29/15,2.41,2.43,2.43,2.41,2969462.75,0.02,0.83,2.462,2.449,2.423,3685513.88,3912932.49,3824805.44,10000,200,0,200,10747.86
12/30/15,2.43,2.43,2.42,2.4,2753571,-0.01,-0.41,2.446,2.454,2.421,2814233.68,3946036.49,3633728.14,10000,-100,0,-100,10647.86
12/31/15,2.42,2.43,2.41,2.41,3458720.75,-0.01,-0.41,2.432,2.455,2.418,2731603.73,3911212.56,3560033.86,10000,-100,0,-100,10547.86
1/4/16,2.41,2.41,2.28,2.27,2985469.5,-0.14,-5.79,2.39,2.441,2.412,2981526.05,3747857.16,3514092.42,10000,-1400,0,-1400,9147.86
1/5/16,2.26,2.31,2.29,2.23,6456996,0.01,0.44,2.366,2.42,2.407,3724844,3724598.86,3693208.42,-10000,-100,6.84,-93.16,9054.7
1/6/16,2.29,2.32,2.32,2.28,4009534,0.03,1.31,2.344,2.403,2.405,3932858.25,3809186.06,3723607.58,-10000,-300,0,-300,8754.7
1/7/16,2.29,2.29,2.17,2.17,891669.25,-0.15,-6.47,2.294,2.37,2.395,3560477.9,3187355.79,3609304.04,-10000,1500,0,1500,10254.7
1/8/16,2.24,2.26,2.22,2.16,5766769.5,0.04,1.83,2.256,2.344,2.388,4022087.65,3376845.69,3740511.54,-10000,-400,0,-400,9854.7
1/11/16,2.18,2.2,2.13,2.12,6332308.5,-0.09,-4.05,2.226,2.308,2.377,4691455.45,3836490.75,3932604.92,-10000,900,0,900,10754.7
1/12/16,2.14,2.16,2.13,2.12,4518035.5,0,0,2.194,2.28,2.362,4303663.35,4014253.68,3972515.51,-10000,0,0,0,10754.7
1/13/16,2.15,2.17,2.11,2.11,5630807.5,-0.02,-0.94,2.152,2.248,2.349,4627918.05,4280388.15,4096660.32,-10000,200,0,200,10954.7
1/14/16,2.08,2.14,2.13,2.06,6241160,0.02,0.95,2.144,2.219,2.337,5697816.2,4629147.05,4287591.77,-10000,-200,0,-200,10754.7
1/15/16,2.12,2.13,2.07,2.06,5071114,-0.06,-2.82,2.114,2.185,2.32,5558685.1,4790386.38,4350799.47,-10000,600,0,600,11354.7
1/18/16,2.04,2.1,2.07,2.04,3894069,0,0,2.102,2.164,2.303,5071037.2,4881246.33,4314551.74,-10000,0,0,0,11354.7
1/19/16,2.07,2.14,2.13,2.06,5158725.5,0.06,2.9,2.102,2.148,2.284,5199175.2,4751419.28,4238009.07,-10000,-600,0,-600,10754.7
1/20/16,2.12,2.13,2.09,2.07,3494118.75,-0.04,-1.88,2.098,2.125,2.264,4771837.45,4699877.75,4254531.91,-10000,400,0,400,11154.7
1/21/16,2.08,2.12,2.04,2.04,3438260,-0.05,-2.39,2.08,2.112,2.241,4211257.45,4954536.83,4070946.31,-10000,500,0,500,11654.7
1/22/16,2.07,2.08,2.07,2.03,3583318,0.03,1.47,2.08,2.097,2.221,3913698.25,4736191.68,4056518.68,-10000,-300,0,-300,11354.7
1/25/16,2.07,2.08,2.07,2.05,1971928.5,0,0,2.08,2.091,2.2,3529270.15,4300153.68,4068322.21,-10000,0,0,0,11354.7
1/26/16,2.05,2.06,1.96,1.95,4167637.25,-0.11,-5.31,2.046,2.074,2.177,3331052.5,4265113.85,4139683.76,-10000,1100,0,1100,12454.7
1/27/16,1.97,1.98,1.96,1.92,5166376.5,0,0,2.02,2.059,2.154,3665504.05,4218670.75,4249529.45,-10000,0,0,0,12454.7
1/28/16,1.94,1.97,1.92,1.91,3889436.75,-0.04,-2.04,1.996,2.038,2.129,3755739.4,3983498.43,4306322.74,-10000,400,0,400,12854.7
1/29/16,1.92,2,1.98,1.92,4292173,0.06,3.12,1.978,2.029,2.107,3897510.4,3905604.33,4347995.35,-10000,-600,0,-600,12254.7
2/1/16,1.97,1.98,1.94,1.93,2164566.25,-0.04,-2.02,1.952,2.016,2.09,3936037.95,3732654.05,4306950.19,-10000,400,0,400,12654.7
2/2/16,1.94,1.98,1.98,1.94,2590861.75,0.04,2.06,1.956,2.001,2.075,3620682.85,3475867.68,4113643.48,-10000,-400,0,-400,12254.7
2/3/16,1.96,1.96,1.95,1.93,2402730.25,-0.03,-1.51,1.954,1.987,2.056,3067953.6,3366728.83,4033303.29,-10000,300,0,300,12554.7
2/4/16,1.96,1.99,1.98,1.96,2943647.75,0.03,1.54,1.966,1.981,2.047,2878795.8,3317267.6,4135902.21,-10000,-300,0,-300,12254.7
2/5/16,1.98,1.98,1.97,1.97,2783074,-0.01,-0.51,1.964,1.971,2.034,2576976,3237243.2,3986717.44,-10000,100,0,100,12354.7
2/15/16,1.93,1.96,1.95,1.92,2458719.5,-0.02,-1.01,1.966,1.959,2.025,2635806.65,3285922.3,3793037.99,-10000,200,0,200,12554.7
2/16/16,1.96,2.01,2,1.96,2937698.5,0.05,2.56,1.97,1.963,2.019,2705174,3162928.43,3714021.14,-10000,-500,0,-500,12054.7
2/17/16,2,2.02,2.01,2,2718906,0.01,0.5,1.982,1.968,2.014,2768409.15,2918181.38,3568426.06,-10000,-100,0,-100,11954.7
2/18/16,2.02,2.04,2.01,2.01,2101384.5,0,0,1.988,1.977,2.008,2599956.5,2739376.15,3361437.29,-10000,0,0,0,11954.7
2/19/16,2.01,2.02,2.01,1.99,2029129.62,0,0,1.996,1.98,2.005,2449167.62,2513071.81,3209338.07,-10000,0,0,0,11954.7
2/22/16,2.02,2.07,2.05,2.02,3946413.25,0.04,1.99,2.016,1.991,2.004,2746706.37,2691256.51,3211955.28,-10000,-400,0,-400,11554.7
2/23/16,2.05,2.05,2.03,2.02,2233689.75,-0.02,-0.98,2.022,1.996,1.999,2605904.62,2655539.31,3065703.49,10000,-200,6.15,-193.85,11360.85
2/24/16,2.02,2.04,2.04,2.01,2961720.75,0.01,0.49,2.028,2.005,1.996,2654467.57,2711438.36,3039083.59,10000,100,0,100,11460.85
2/25/16,2.03,2.04,1.94,1.91,3761393.5,-0.1,-4.9,2.014,2.001,1.991,2986469.37,2793212.94,3055240.27,10000,-1000,0,-1000,10460.85
2/26/16,1.95,1.97,1.95,1.93,4191622.25,0.01,0.52,2.002,1.999,1.985,3418967.9,2934067.76,3085655.48,10000,100,0,100,10560.85
2/29/16,1.95,1.96,1.94,1.89,4246990,-0.02,-1.02,1.98,1.998,1.979,3479083.25,3112894.81,3199408.56,10000,-200,0,-200,10360.85
3/1/16,1.94,1.99,1.97,1.93,3402613.75,0.03,1.55,1.968,1.995,1.979,3712868.05,3159386.34,3161157.38,10000,300,0,300,10660.85
3/2/16,1.97,2.06,2.05,1.97,4373686,0.08,4.06,1.97,1.999,1.984,3995261.1,3324864.34,3121522.86,-10000,-800,5.91,-794.09,9866.76
3/3/16,2.04,2.06,2.05,2.04,3456580.5,0,0,1.992,2.003,1.99,3934298.5,3460383.94,3099880.04,-10000,0,0,0,9866.76
3/4/16,2.05,2.13,2.12,2.04,6550958,0.07,3.42,2.026,2.014,1.997,4406165.65,3912566.78,3212819.29,10000,700,6.15,706.15,10572.91
3/7/16,2.12,2.14,2.12,2.1,4325792,0,0,2.062,2.021,2.006,4421926.05,3950504.65,3320880.58,10000,0,0,0,10572.91
3/8/16,2.1,2.12,2.11,2.04,4214340,0,0,2.09,2.029,2.013,4584271.3,4148569.68,3402054.49,10000,0,0,0,10572.91
3/9/16,2.07,2.11,2.11,2.05,4519536.5,-0.01,-0.47,2.102,2.036,2.021,4613441.4,4304351.25,3507894.81,10000,-100,0,-100,10472.91
3/10/16,2.08,2.11,2.06,2.06,2962009.25,-0.05,-2.37,2.104,2.048,2.025,4514527.15,4224412.83,3508812.88,10000,-500,0,-500,9972.91
3/11/16,2.04,2.07,2.07,2.04,3466691.25,0.01,0.48,2.094,2.06,2.03,3897673.8,4151919.73,3542993.74,10000,100,0,100,10072.91
3/14/16,2.08,2.12,2.08,2.07,3263170.5,0.01,0.48,2.086,2.074,2.036,3685149.5,4053537.78,3583216.29,10000,100,0,100,10172.91
3/15/16,2.08,2.1,2.1,2.06,4111975,0.02,0.96,2.084,2.087,2.041,3664676.5,4124473.9,3641930.12,10000,200,0,200,10372.91
3/16/16,2.09,2.14,2.13,2.08,4941516,0.03,1.43,2.088,2.095,2.047,3749072.4,4181256.9,3753060.62,10000,300,0,300,10672.91
3/17/16,2.13,2.16,2.13,2.11,3819977.25,-0.01,-0.47,2.102,2.103,2.053,3920666,4217596.58,3838990.26,10000,-100,0,-100,10572.91
3/18/16,2.14,2.17,2.14,2.13,5378710.5,0.01,0.47,2.116,2.105,2.06,4303069.85,4100371.83,4006469.3,10000,100,0,100,10672.91
3/21/16,2.16,2.22,2.2,2.15,7063212,0.06,2.8,2.14,2.113,2.067,5063078.15,4374113.83,4162309.24,10000,600,0,600,11272.91
3/22/16,2.19,2.19,2.17,2.17,4337330,-0.02,-0.91,2.154,2.119,2.074,5108149.15,4386412.83,4267491.25,10000,-200,0,-200,11072.91
3/23/16,2.16,2.19,2.17,2.15,5923528,0,0,2.162,2.125,2.081,5304551.55,4526811.97,4415581.61,10000,0,0,0,11072.91
3/24/16,2.16,2.16,2.14,2.14,3390856.25,-0.03,-1.38,2.164,2.133,2.091,5218727.35,4569696.68,4397054.75,10000,-300,0,-300,10772.91
3/25/16,2.14,2.16,2.15,2.14,3952447.5,0.01,0.47,2.166,2.141,2.101,4933474.75,4618272.3,4385096.01,10000,100,0,100,10872.91
3/28/16,2.15,2.17,2.12,2.12,3292482,-0.03,-1.4,2.15,2.145,2.11,4179328.75,4621203.45,4337370.61,10000,-300,0,-300,10572.91
3/29/16,2.13,2.14,2.1,2.1,4026092.75,-0.02,-0.94,2.136,2.145,2.116,4117081.3,4612615.22,4368544.56,10000,-200,0,-200,10372.91
3/30/16,2.12,2.16,2.16,2.12,3516452.75,0.06,2.86,2.134,2.148,2.122,3635666.25,4470108.9,4325682.9,10000,600,0,600,10972.91
3/31/16,2.16,2.17,2.16,2.15,2462077.5,0,0,2.138,2.151,2.127,3449910.5,4334318.93,4275957.75,10000,0,0,0,10972.91
4/1/16,2.15,2.17,2.17,2.12,3467697.5,0.01,0.46,2.142,2.154,2.13,3352960.5,4143217.63,4121794.73,10000,100,0,100,11072.91
4/5/16,2.15,2.19,2.18,2.15,4033007,0.01,0.46,2.154,2.152,2.133,3501065.5,3840197.13,4107155.48,10000,100,0,100,11172.91
4/6/16,2.17,2.18,2.17,2.16,2193315.5,-0.01,-0.46,2.168,2.152,2.136,3134510.05,3625795.68,4006104.25,10000,-100,0,-100,11072.91
4/7/16,2.17,2.18,2.14,2.14,2350029.25,-0.03,-1.38,2.164,2.149,2.137,2901225.35,3268445.8,3897628.89,10000,-300,0,-300,10772.91
4/8/16,2.13,2.13,2.13,2.11,2713618.25,-0.01,-0.47,2.158,2.148,2.141,2951533.5,3200722,3885209.34,10000,-100,0,-100,10672.91
4/11/16,2.14,2.17,2.14,2.14,2882288.5,0.02,0.94,2.152,2.147,2.144,2834451.7,3093706.1,3855989.2,10000,200,0,200,10872.91
4/12/16,2.14,2.15,2.14,2.13,1774047.62,0,0,2.144,2.149,2.147,2382659.82,2941862.66,3781533.06,10000,0,0,0,10872.91
4/13/16,2.15,2.2,2.17,2.15,5480353,0.03,1.4,2.144,2.156,2.151,3040067.32,3087288.69,3849951.96,-10000,-300,6.42,-293.58,10579.33
4/14/16,2.18,2.19,2.18,2.16,3061830.75,0.01,0.46,2.152,2.158,2.153,3182427.62,3041826.49,3755967.69,-10000,-100,0,-100,10479.33
4/15/16,2.18,2.19,2.18,2.17,3050964,0.01,0.46,2.162,2.16,2.156,3249896.77,3100715.14,3717517.03,-10000,-100,0,-100,10379.33
4/18/16,2.16,2.17,2.16,2.15,2191771.75,-0.02,-0.92,2.166,2.159,2.157,3111793.42,2973122.56,3558170.09,10000,-200,6.54,-193.46,10185.87
4/19/16,2.17,2.17,2.16,2.15,2058694.75,0.01,0.47,2.17,2.157,2.155,3168722.85,2775691.34,3307944.23,10000,100,0,100,10285.87
4/20/16,2.16,2.17,2.15,2.09,5753600.5,-0.01,-0.46,2.166,2.155,2.154,3223372.35,3131719.84,3378757.76,10000,-100,0,-100,10185.87
4/21/16,2.13,2.17,2.15,2.13,3490579.25,0,0,2.16,2.156,2.153,3309122.05,3245774.84,3257110.32,10000,0,0,0,10185.87
4/22/16,2.13,2.16,2.15,2.12,2487581.5,0,0,2.154,2.158,2.153,3196445.55,3223171.16,3211946.58,10000,0,0,0,10185.87
4/25/16,2.15,2.15,2.15,2.12,1898352,-0.01,-0.46,2.152,2.159,2.153,3137761.6,3124777.51,3109241.81,10000,-100,0,-100,10085.87
4/26/16,2.14,2.16,2.15,2.14,1749271.62,0,0,2.15,2.16,2.155,3075876.97,3122299.91,3032081.29,-10000,0,6.45,6.45,10092.32
4/27/16,2.15,2.16,2.14,2.14,1482272.38,-0.01,-0.47,2.148,2.157,2.157,2221611.35,2722491.85,2904890.27,-10000,100,0,100,10192.32
4/28/16,2.15,2.15,2.14,2.13,1717320.75,0,0,2.146,2.153,2.156,1866959.65,2588040.85,2814933.67,-10000,0,0,0,10192.32
4/29/16,2.13,2.14,2.14,2.13,1248875.38,0,0,2.144,2.149,2.155,1619218.43,2407831.99,2754273.56,-10000,0,0,0,10192.32
5/3/16,2.14,2.17,2.16,2.13,2528151,0.02,0.94,2.146,2.149,2.154,1745178.23,2441469.91,2707296.24,-10000,-200,0,-200,9992.32
5/4/16,2.15,2.16,2.15,2.15,1244277.5,-0.01,-0.46,2.146,2.148,2.153,1644179.4,2360028.19,2567859.76,-10000,100,0,100,10092.32
5/5/16,2.15,2.15,2.15,2.14,1031108.56,0,0,2.148,2.148,2.152,1553946.64,1887778.99,2509749.42,-10000,0,0,0,10092.32
5/6/16,2.15,2.15,2.1,2.1,2658437.25,-0.05,-2.33,2.14,2.143,2.15,1742169.94,1804564.79,2525169.82,-10000,500,0,500,10592.32
5/9/16,2.1,2.1,2.07,2.06,3442924.75,-0.03,-1.43,2.126,2.135,2.147,2180979.81,1900099.12,2561635.14,-10000,300,0,300,10892.32
5/10/16,2.07,2.08,2.07,2.06,1560353.25,0,0,2.108,2.127,2.143,1987420.26,1866299.24,2495538.38,-10000,0,0,0,10892.32
5/11/16,2.08,2.09,2.08,2.07,1441010.38,0.01,0.48,2.094,2.12,2.14,2026766.84,1835473.12,2478886.52,-10000,-100,0,-100,10792.32
5/12/16,2.07,2.09,2.08,2.06,1336796.25,0,0,2.08,2.114,2.136,2087904.38,1820925.51,2271708.68,-10000,0,0,0,10792.32
5/13/16,2.07,2.09,2.08,2.07,941263,0,0,2.076,2.108,2.131,1744469.53,1743319.73,2165680.29,-10000,0,0,0,10792.32
5/16/16,2.07,2.09,2.08,2.06,1261020.12,0,0,2.078,2.102,2.126,1308088.6,1744534.21,2076183.1,-10000,0,0,0,10792.32
5/17/16,2.08,2.09,2.08,2.07,1091505.75,0,0,2.08,2.094,2.122,1214319.1,1600869.68,2021169.8,-10000,0,0,0,10792.32
5/18/16,2.07,2.08,2.07,2.05,3188517.25,-0.01,-0.48,2.078,2.086,2.117,1563820.47,1795293.66,2077660.92,-10000,100,0,100,10892.32
5/19/16,2.07,2.09,2.07,2.07,827861.94,-0.01,-0.48,2.076,2.078,2.113,1462033.61,1774968.99,1831373.99,-10000,100,0,100,10992.32
5/20/16,2.07,2.08,2.08,2.07,946322.81,0.01,0.48,2.076,2.076,2.11,1463045.57,1603757.55,1704161.17,-10000,-100,0,-100,10892.32
5/23/16,2.08,2.1,2.08,2.08,1206061.5,0,0,2.076,2.077,2.106,1452053.85,1380071.23,1640085.17,-10000,0,0,0,10892.32
5/24/16,2.08,2.08,2.07,2.07,1744282.12,-0.01,-0.48,2.074,2.077,2.102,1582609.12,1398464.11,1632381.68,-10000,100,0,100,10992.32
5/25/16,2.08,2.09,2.07,2.07,1182057.88,0,0,2.074,2.076,2.098,1181317.25,1372568.86,1604020.99,-10000,0,0,0,10992.32
5/26/16,2.08,2.09,2.07,2.06,1151169.25,0,0,2.074,2.075,2.095,1245978.71,1354006.16,1587465.83,-10000,0,0,0,10992.32
5/27/16,2.08,2.08,2.08,2.07,1124549.75,0.01,0.48,2.074,2.075,2.092,1281624.1,1372334.84,1557827.28,-10000,-100,0,-100,10892.32
5/30/16,2.08,2.09,2.09,2.07,1591087.75,0.01,0.48,2.076,2.076,2.089,1358629.35,1405341.6,1574937.9,-10000,-100,0,-100,10792.32
5/31/16,2.09,2.16,2.16,2.09,5842395,0.07,3.35,2.094,2.084,2.089,2178251.93,1880430.53,1740650.1,-10000,-700,0,-700,10092.32
6/1/16,2.16,2.16,2.14,2.14,2625485,-0.02,-0.93,2.108,2.091,2.089,2466937.35,1824127.3,1809710.48,10000,-200,6.48,-193.52,9898.8
6/2/16,2.14,2.15,2.14,2.13,1487011.38,0,0,2.122,2.098,2.088,2534105.78,1890042.24,1832505.62,10000,0,0,0,9898.8
6/3/16,2.14,2.16,2.15,2.14,2080395,0.01,0.47,2.136,2.105,2.091,2725274.83,2003449.46,1803603.51,10000,100,0,100,9998.8
6/6/16,2.15,2.16,2.14,2.14,1351637.75,-0.01,-0.47,2.146,2.111,2.094,2677384.83,2018007.09,1699039.16,10000,-100,0,-100,9898.8
6/7/16,2.15,2.15,2.14,2.14,1182076.88,0,0,2.142,2.118,2.098,1745321.2,1961786.56,1680125.34,10000,0,0,0,9898.8
6/8/16,2.14,2.15,2.14,2.13,917264.75,0,0,2.142,2.125,2.101,1403677.15,1935307.25,1653938.06,10000,0,0,0,9898.8
6/13/16,2.12,2.13,2.09,2.09,2547582.75,-0.05,-2.34,2.132,2.127,2.101,1615791.43,2074948.6,1714477.38,10000,-500,0,-500,9398.8
6/14/16,2.09,2.1,2.1,2.09,1234242.62,0.01,0.48,2.122,2.129,2.102,1446560.95,2085917.89,1729126.36,10000,100,0,100,9498.8
6/15/16,2.08,2.12,2.11,2.08,2028557,0.01,0.48,2.116,2.131,2.104,1581944.8,2129664.81,1767503.21,10000,100,0,100,9598.8
6/16/16,2.1,2.11,2.1,2.1,1243704.38,-0.01,-0.47,2.108,2.125,2.105,1594270.3,1669795.75,1775113.14,10000,-100,0,-100,9498.8
6/17/16,2.11,2.13,2.11,2.11,2166511,0.01,0.48,2.102,2.122,2.107,1844119.55,1623898.35,1724012.83,10000,100,0,100,9598.8
6/20/16,2.12,2.12,2.11,2.1,1212975.12,0,0,2.106,2.119,2.109,1577198.02,1596494.73,1743268.48,-10000,0,6.33,6.33,9605.13
6/21/16,2.12,2.14,2.11,2.11,1611718.62,0,0,2.108,2.115,2.11,1652693.22,1549627.09,1776538.28,-10000,0,0,0,9605.13
6/22/16,2.11,2.13,2.12,2.11,1748766.12,0.01,0.47,2.11,2.113,2.112,1596735.05,1589339.92,1803673.51,-10000,-100,0,-100,9505.13
6/23/16,2.13,2.13,2.12,2.11,1000646,0,0,2.114,2.111,2.115,1548123.37,1571196.84,1766491.7,-10000,0,0,0,9505.13
6/24/16,2.11,2.13,2.09,2.07,2138533.75,-0.03,-1.42,2.11,2.106,2.116,1542527.92,1693323.74,1814315.49,-10000,300,0,300,9805.13
6/27/16,2.09,2.11,2.11,2.09,1943116.62,0.02,0.96,2.11,2.108,2.118,1688556.22,1632877.12,1853912.86,-10000,-200,0,-200,9605.13
6/28/16,2.11,2.12,2.12,2.1,1449451.88,0.01,0.47,2.112,2.11,2.12,1656102.87,1654398.05,1870157.97,-10000,-100,0,-100,9505.13
6/29/16,2.12,2.14,2.14,2.12,1905644.88,0.02,0.94,2.116,2.113,2.122,1687478.63,1642106.84,1885885.83,-10000,-200,0,-200,9305.13
6/30/16,2.14,2.15,2.14,2.14,1254970.25,0,0,2.12,2.117,2.121,1738343.48,1643233.42,1656514.59,-10000,0,0,0,9305.13
7/1/16,2.14,2.15,2.14,2.14,1144361.75,0,0,2.13,2.12,2.121,1539509.08,1541018.5,1582458.43,-10000,0,0,0,9305.13
7/4/16,2.14,2.19,2.18,2.14,2056830.25,0.04,1.87,2.144,2.127,2.123,1562251.8,1625404.01,1610949.37,10000,400,6.42,406.42,9711.55
7/5/16,2.18,2.19,2.19,2.18,1729523.5,0.01,0.46,2.158,2.135,2.125,1618266.13,1637184.5,1593405.79,10000,100,0,100,9811.55
7/6/16,2.18,2.19,2.18,2.17,1664278.38,-0.01,-0.46,2.166,2.141,2.127,1569992.83,1628735.73,1609037.83,10000,-100,0,-100,9711.55
7/7/16,2.18,2.2,2.19,2.17,1194146.25,0.01,0.46,2.176,2.148,2.13,1557828.03,1648085.75,1609641.29,10000,100,0,100,9811.55
7/8/16,2.18,2.19,2.18,2.18,983801.56,-0.01,-0.46,2.184,2.157,2.132,1525715.99,1532612.53,1612968.13,10000,-100,0,-100,9711.55
7/11/16,2.18,2.21,2.19,2.18,1321293.12,0.01,0.46,2.186,2.165,2.137,1378608.56,1470430.18,1551653.65,10000,100,0,100,9811.55
7/12/16,2.19,2.24,2.24,2.19,2940528,0.05,2.28,2.196,2.177,2.144,1620809.46,1619537.79,1636967.92,10000,500,0,500,10311.55
7/13/16,2.24,2.27,2.24,2.23,4764777.5,0.01,0.45,2.208,2.187,2.15,2240909.29,1905451.06,1773778.95,10000,100,0,100,10411.55
7/14/16,2.24,2.24,2.23,2.22,2473531.75,-0.01,-0.45,2.216,2.196,2.157,2496786.39,2027307.21,1835270.32,10000,-100,0,-100,10311.55
7/15/16,2.24,2.24,2.24,2.23,3047614.25,0.01,0.45,2.228,2.206,2.163,2909548.92,2217632.46,1879325.48,10000,100,0,100,10411.55
7/18/16,2.24,2.25,2.23,2.23,2190945,-0.01,-0.45,2.236,2.211,2.169,3083479.3,2231043.93,1928223.97,10000,-100,0,-100,10311.55
7/19/16,2.23,2.24,2.22,2.21,1971320.25,-0.01,-0.45,2.232,2.214,2.175,2889637.75,2255223.61,1946204.05,10000,-100,0,-100,10211.55
7/20/16,2.22,2.22,2.21,2.21,1319933.5,-0.01,-0.45,2.226,2.217,2.179,2200668.95,2220789.12,1924762.42,10000,-100,0,-100,10111.55
7/21/16,2.21,2.23,2.22,2.21,1429531.12,0.01,0.45,2.224,2.22,2.184,1991868.82,2244327.61,1946206.68,10000,100,0,100,10211.55
7/22/16,2.22,2.22,2.2,2.2,1017700.94,-0.02,-0.9,2.216,2.222,2.19,1585886.16,2247717.54,1890165.04,10000,-200,0,-200,10011.55
7/25/16,2.2,2.21,2.2,2.2,1008017.94,0,0,2.21,2.223,2.194,1349300.75,2216390.03,1843410.1,10000,0,0,0,10011.55
7/26/16,2.2,2.23,2.23,2.2,1914550.38,0.03,1.36,2.212,2.222,2.2,1337946.78,2113792.26,1866665.03,10000,300,0,300,10311.55
7/27/16,2.23,2.23,2.21,2.17,2926171,-0.02,-0.9,2.212,2.219,2.203,1659194.28,1929931.61,1917691.33,10000,-200,0,-200,10111.55
7/28/16,2.2,2.22,2.21,2.19,1235216,-0.01,-0.45,2.21,2.217,2.207,1620331.25,1806100.04,1916703.62,10000,-100,0,-100,10011.55
7/29/16,2.21,2.21,2.2,2.2,855808.38,-0.01,-0.45,2.21,2.213,2.21,1587952.74,1586919.45,1902275.95,10000,-100,0,-100,9911.55
8/1/16,2.2,2.2,2.19,2.18,1451769.25,-0.01,-0.46,2.208,2.209,2.21,1676703,1513001.88,1872022.9,-10000,100,6.6,106.6,10018.15
8/2/16,2.19,2.2,2.19,2.18,877795,0,0,2.2,2.206,2.21,1469351.93,1403649.35,1829436.48,-10000,0,0,0,10018.15
8/3/16,2.19,2.19,2.19,2.18,901834.88,0,0,2.196,2.204,2.211,1064484.7,1361839.49,1791314.3,-10000,0,0,0,10018.15
8/4/16,2.19,2.19,2.19,2.17,994114,0,0,2.192,2.201,2.211,1016264.3,1318297.78,1781312.69,-10000,0,0,0,10018.15
8/5/16,2.19,2.21,2.2,2.18,1112996,0.01,0.46,2.192,2.201,2.212,1067701.83,1327827.28,1787772.41,-10000,-100,0,-100,9918.15
8/8/16,2.2,2.21,2.2,2.19,880394.31,0,0,2.194,2.201,2.212,953426.84,1315064.92,1765727.47,-10000,0,0,0,9918.15
8/9/16,2.2,2.22,2.22,2.2,1118268.5,0.02,0.91,2.2,2.2,2.211,1001521.54,1235436.73,1674614.5,-10000,-200,0,-200,9718.15
8/10/16,2.22,2.22,2.22,2.21,1338665.5,0,0,2.206,2.201,2.21,1088887.66,1076686.18,1503308.9,-10000,0,0,0,9718.15
8/11/16,2.22,2.26,2.22,2.21,2626153.75,0,0,2.212,2.202,2.21,1415295.61,1215779.96,1510940,-10000,0,0,0,9718.15
8/12/16,2.22,2.27,2.27,2.22,2974617,0.05,2.25,2.226,2.209,2.211,1787619.81,1427660.82,1507290.14,10000,500,6.66,506.66,10224.81
8/15/16,2.28,2.37,2.34,2.27,5412527.5,0.07,3.08,2.254,2.224,2.217,2694046.45,1823736.64,1668369.26,10000,700,0,700,10924.81
8/16/16,2.34,2.35,2.31,2.3,5259624.5,-0.03,-1.28,2.272,2.236,2.221,3522317.65,2261919.59,1832784.47,10000,-300,0,-300,10624.81
8/17/16,2.31,2.32,2.3,2.29,2314969.75,-0.01,-0.43,2.288,2.247,2.226,3717578.5,2403233.08,1882536.28,10000,-100,0,-100,10524.81
8/18/16,2.3,2.32,2.29,2.28,2289851,-0.01,-0.43,2.302,2.257,2.229,3650317.95,2532806.78,1925552.28,10000,-100,0,-100,10424.81
8/19/16,2.29,2.31,2.3,2.28,1559685.62,0.01,0.44,2.308,2.267,2.234,3367331.67,2577475.74,1952651.51,10000,100,0,100,10524.81
8/22/16,2.3,2.3,2.29,2.28,1500541.75,-0.01,-0.43,2.298,2.276,2.239,2584934.52,2639490.49,1977277.7,10000,-100,0,-100,10424.81
8/23/16,2.29,2.31,2.29,2.28,2340447,0,0,2.294,2.283,2.242,2001099.02,2761708.34,1998572.53,10000,0,0,0,10424.81
8/24/16,2.29,2.3,2.28,2.27,2091216,-0.01,-0.44,2.29,2.289,2.245,1956348.27,2836963.39,1956824.78,10000,-100,0,-100,10324.81
8/25/16,2.28,2.28,2.27,2.25,1869078.5,-0.01,-0.44,2.286,2.294,2.248,1872193.77,2761255.86,1988517.91,10000,-100,0,-100,10224.81
8/26/16,2.27,2.28,2.27,2.27,1549018,0,0,2.28,2.294,2.252,1870060.25,2618695.96,2023178.39,10000,0,0,0,10224.81
8/29/16,2.27,2.27,2.26,2.25,1196589,-0.01,-0.44,2.274,2.286,2.255,1809269.7,2197102.11,2010419.38,10000,-100,0,-100,10124.81
8/30/16,2.27,2.28,2.28,2.27,1486517.62,0.01,0.44,2.272,2.283,2.26,1638483.82,1819791.42,2040855.51,10000,100,0,100,10224.81
8/31/16,2.28,2.29,2.28,2.27,1942189,0,0,2.272,2.281,2.264,1608678.42,1782513.35,2092873.22,10000,0,0,0,10224.81
9/1/16,2.28,2.29,2.27,2.27,1331148.75,-0.01,-0.44,2.272,2.279,2.268,1501092.47,1686643.12,2109724.95,10000,-100,0,-100,10124.81
9/2/16,2.27,2.28,2.28,2.27,1711015,0.01,0.44,2.274,2.277,2.272,1533491.87,1701776.06,2139625.9,10000,100,0,100,10224.81
9/5/16,2.28,2.3,2.28,2.28,1713722.25,0,0,2.278,2.276,2.276,1636918.52,1723094.11,2181292.3,10000,0,0,0,10224.81
9/6/16,2.28,2.3,2.29,2.27,1692879.38,0.01,0.44,2.28,2.276,2.28,1678190.88,1658337.35,2210022.84,10000,100,0,100,10324.81
9/7/16,2.29,2.3,2.29,2.29,2938161.25,0,0,2.282,2.277,2.283,1877385.33,1743031.88,2289997.63,-10000,0,6.87,6.87,10331.68
9/8/16,2.29,2.29,2.29,2.28,1191994.88,0,0,2.286,2.279,2.287,1849554.55,1675323.51,2218289.69,-10000,0,0,0,10331.68
9/9/16,2.29,2.29,2.28,2.28,1081196.75,-0.01,-0.44,2.286,2.28,2.287,1723590.9,1628541.39,2123618.67,-10000,100,0,100,10431.68
9/12/16,2.25,2.26,2.25,2.23,3454826.75,-0.03,-1.32,2.28,2.279,2.283,2071811.8,1854365.16,2025733.64,-10000,300,0,300,10731.68
9/13/16,2.25,2.25,2.24,2.24,1424014.88,-0.01,-0.44,2.27,2.275,2.279,2018038.9,1848114.89,1833953.16,-10000,100,0,100,10831.68
9/14/16,2.23,2.24,2.23,2.23,1506998.25,-0.01,-0.45,2.258,2.27,2.276,1731806.3,1804595.81,1793554.58,-10000,100,0,100,10931.68
9/19/16,2.23,2.25,2.24,2.23,1063911.38,0.01,0.45,2.248,2.267,2.273,1706189.6,1777872.08,1732257.6,-10000,-100,0,-100,10831.68
9/20/16,2.24,2.24,2.24,2.23,804570.44,0,0,2.24,2.263,2.27,1650864.34,1687227.62,1694501.84,-10000,0,0,0,10831.68
9/21/16,2.24,2.25,2.24,2.24,1107122.25,0,0,2.238,2.259,2.268,1181323.44,1626567.62,1674830.87,-10000,0,0,0,10831.68
9/22/16,2.25,2.27,2.26,2.25,1405734.25,0.02,0.89,2.242,2.256,2.266,1177667.31,1597853.11,1628095.23,-10000,-200,0,-200,10631.68
9/23/16,2.26,2.26,2.25,2.25,1042780.5,-0.01,-0.44,2.246,2.252,2.265,1084823.76,1408315.03,1575673.45,-10000,100,0,100,10731.68
9/26/16,2.25,2.25,2.22,2.22,2170055.25,-0.03,-1.33,2.242,2.245,2.262,1306052.54,1506121.07,1590722.29,-10000,300,0,300,11031.68
9/27/16,2.22,2.23,2.23,2.22,988029.5,0.01,0.45,2.24,2.24,2.26,1342744.35,1496804.35,1562672.87,-10000,-100,0,-100,10931.68
9/28/16,2.23,2.23,2.22,2.22,1195647.38,-0.01,-0.45,2.236,2.237,2.258,1360449.38,1270886.41,1562625.79,-10000,100,0,100,11031.68
9/29/16,2.22,2.24,2.23,2.22,1010064.06,0.01,0.45,2.23,2.236,2.256,1281315.34,1229491.33,1538803.11,-10000,-100,0,-100,10931.68
9/30/16,2.23,2.24,2.24,2.23,1274905.12,0.01,0.45,2.228,2.237,2.254,1327740.26,1206282.01,1505438.91,-10000,-100,0,-100,10831.68
10/10/16,2.25,2.27,2.26,2.24,1141358.38,0.02,0.89,2.236,2.239,2.253,1122000.89,1214026.71,1495949.39,-10000,-200,0,-200,10631.68
10/11/16,2.26,2.27,2.27,2.26,1331115.88,0.01,0.44,2.244,2.242,2.253,1190618.16,1266681.26,1476954.44,-10000,-100,0,-100,10531.68
10/12/16,2.26,2.26,2.26,2.25,1030107.75,-0.01,-0.44,2.252,2.244,2.252,1157510.24,1258979.81,1442773.71,-10000,100,0,100,10631.68
10/13/16,2.25,2.26,2.26,2.25,784097.12,0,0,2.258,2.244,2.25,1112316.85,1196816.09,1397334.6,-10000,0,0,0,10631.68
10/14/16,2.26,2.27,2.27,2.25,1144171,0.01,0.44,2.264,2.246,2.249,1086170.03,1206955.14,1307635.09,10000,100,6.78,106.78,10738.46
10/17/16,2.27,2.27,2.25,2.25,1215437.25,-0.02,-0.88,2.262,2.249,2.247,1100985.8,1111493.34,1308807.21,10000,-200,0,-200,10538.46
10/18/16,2.25,2.28,2.28,2.25,1689088,0.03,1.33,2.264,2.254,2.247,1172580.22,1181599.19,1339201.77,10000,300,0,300,10838.46
10/19/16,2.28,2.29,2.28,2.28,1109992.25,0,0,2.268,2.26,2.249,1188557.12,1173033.68,1221960.04,10000,0,0,0,10838.46
10/20/16,2.28,2.29,2.28,2.28,1035051.56,0,0,2.272,2.265,2.251,1238748.01,1175532.43,1202511.88,10000,0,0,0,10838.46
10/21/16,2.28,2.3,2.3,2.28,1777797.62,0.02,0.88,2.278,2.271,2.254,1365473.34,1225821.68,1216051.85,10000,200,0,200,11038.46
10/24/16,2.29,2.34,2.32,2.29,3893178.25,0.02,0.87,2.292,2.277,2.258,1901021.54,1501003.67,1357515.19,10000,200,0,200,11238.46
10/25/16,2.33,2.33,2.32,2.32,2463381.75,0,0,2.3,2.282,2.262,2055880.29,1614230.26,1440455.76,10000,0,0,0,11238.46
10/26/16,2.32,2.32,2.31,2.31,1934679.75,-0.01,-0.43,2.306,2.287,2.266,2220817.79,1704687.46,1481833.63,10000,-100,0,-100,11138.46
10/27/16,2.31,2.31,2.31,2.3,1739054.25,0,0,2.312,2.292,2.268,2361618.32,1800183.17,1498499.63,10000,0,0,0,11138.46
10/28/16,2.31,2.33,2.31,2.31,3028056.25,0,0,2.314,2.296,2.271,2611670.05,1988571.69,1597763.42,10000,0,0,0,11138.46
10/31/16,2.31,2.31,2.31,2.29,1240292.5,0,0,2.312,2.302,2.276,2081092.9,1991057.22,1551275.28,10000,0,0,0,11138.46
11/1/16,2.3,2.32,2.32,2.3,1399906.38,0.01,0.43,2.312,2.306,2.28,1868397.83,1962139.06,1571869.12,10000,100,0,100,11238.46
11/2/16,2.31,2.31,2.3,2.3,1459249.62,-0.02,-0.86,2.31,2.308,2.284,1773311.8,1997064.79,1585049.24,10000,-200,0,-200,11038.46
11/3/16,2.3,2.34,2.33,2.29,2594712.25,0.03,1.3,2.314,2.313,2.289,1944443.4,2153030.86,1664281.65,10000,300,0,300,11338.46
11/4/16,2.33,2.34,2.33,2.32,1310305.38,0,0,2.318,2.316,2.294,1600893.23,2106281.64,1666051.66,10000,0,0,0,11338.46
11/7/16,2.32,2.33,2.33,2.32,943443.19,0.01,0.43,2.322,2.317,2.297,1541523.36,1811308.13,1656155.9,10000,100,0,100,11438.46
11/8/16,2.34,2.35,2.34,2.33,1458718.25,0.01,0.43,2.326,2.319,2.301,1553285.74,1710841.78,1662536.02,10000,100,0,100,11538.46
11/9/16,2.34,2.34,2.32,2.3,2622338.5,-0.02,-0.85,2.33,2.32,2.304,1785903.51,1779607.66,1742147.56,10000,-200,0,-200,11338.46
11/10/16,2.33,2.35,2.34,2.33,1742958.88,0.02,0.86,2.332,2.323,2.308,1615552.84,1779998.12,1790090.64,10000,200,0,200,11538.46
11/11/16,2.34,2.37,2.36,2.34,3591486,0.02,0.85,2.338,2.328,2.312,2071788.96,1836341.1,1912456.39,10000,200,0,200,11738.46
11/14/16,2.36,2.4,2.37,2.36,3284321.75,0.01,0.42,2.346,2.334,2.318,2539964.68,2040744.02,2015900.62,10000,100,0,100,11838.46
11/15/16,2.37,2.37,2.37,2.36,1339446.62,0,0,2.352,2.339,2.323,2516110.35,2034698.04,1998418.55,10000,0,0,0,11838.46
11/16/16,2.37,2.37,2.36,2.36,1349158.25,-0.01,-0.42,2.36,2.345,2.327,2261474.3,2023688.91,2010376.85,10000,-100,0,-100,11738.46
11/17/16,2.36,2.37,2.37,2.35,1252760.12,0.01,0.42,2.366,2.349,2.331,2163434.55,1889493.69,2021262.28,10000,100,0,100,11838.46
11/18/16,2.37,2.38,2.36,2.36,1437971,-0.01,-0.42,2.366,2.352,2.334,1732731.55,1902260.26,2004270.95,10000,-100,0,-100,11738.46
11/21/16,2.36,2.41,2.39,2.36,3171603,0.03,1.27,2.37,2.358,2.338,1710187.8,2125076.24,1968192.18,10000,300,0,300,12038.46
11/22/16,2.39,2.41,2.41,2.39,2669513,0.02,0.84,2.378,2.365,2.342,1976201.07,2246155.71,1978498.75,10000,200,0,200,12238.46
11/23/16,2.41,2.43,2.42,2.4,2154155,0.01,0.41,2.39,2.375,2.348,2137200.42,2199337.36,1989472.51,10000,100,0,100,12338.46
11/24/16,2.41,2.44,2.43,2.41,2144528.75,0.01,0.41,2.402,2.384,2.354,2315554.15,2239494.35,2009746.23,10000,100,0,100,12438.46
11/25/16,2.43,2.45,2.45,2.41,2797375,0.02,0.82,2.42,2.393,2.361,2587434.95,2160083.25,1998212.17,10000,200,0,200,12638.46
11/28/16,2.46,2.49,2.47,2.46,2694263,0.02,0.82,2.436,2.403,2.369,2491966.95,2101077.37,2070910.7,10000,200,0,200,12838.46
11/29/16,2.4,2.46,2.45,2.4,3430982,0.04,1.66,2.444,2.411,2.375,2644260.75,2310230.91,2172464.48,10000,400,0,400,13238.46
11/30/16,2.44,2.45,2.42,2.41,5571959.5,-0.03,-1.22,2.444,2.417,2.381,3327821.65,2732511.04,2378099.97,10000,-300,0,-300,12938.46
12/1/16,2.42,2.45,2.43,2.42,3458103.25,0.01,0.41,2.444,2.423,2.386,3590536.55,2953045.35,2421269.52,10000,100,0,100,13038.46
12/2/16,2.43,2.43,2.42,2.4,3598342.75,-0.01,-0.41,2.438,2.429,2.391,3750730.1,3169082.53,2535671.39,10000,-100,0,-100,12938.46
12/5/16,2.39,2.39,2.37,2.36,4557022.5,-0.05,-2.07,2.418,2.427,2.393,4123282,3307624.48,2716350.36,10000,-500,0,-500,12438.46
12/6/16,2.37,2.38,2.37,2.37,2033863.88,0,0,2.402,2.423,2.394,3843858.38,3244059.56,2745107.64,10000,0,0,0,12438.46
12/7/16,2.37,2.38,2.38,2.36,2104627,0.01,0.42,2.394,2.419,2.397,3150391.88,3239106.76,2719222.06,10000,100,0,100,12538.46
12/8/16,2.38,2.39,2.38,2.38,2303045.75,0,0,2.384,2.414,2.399,2919380.38,3254958.46,2747226.41,-10000,0,7.14,7.14,12545.6
12/9/16,2.38,2.42,2.41,2.37,3626518.25,0.03,1.26,2.382,2.41,2.402,2925015.48,3337872.79,2748978.02,-10000,-300,0,-300,12245.6
12/12/16,2.41,2.43,2.39,2.37,5934859,-0.02,-0.83,2.386,2.402,2.403,3200582.78,3661932.39,2881504.88,-10000,200,0,200,12445.6
12/13/16,2.38,2.38,2.37,2.36,3478672,-0.02,-0.84,2.386,2.394,2.403,3489544.4,3666701.39,2988466.15,-10000,200,0,200,12645.6
12/14/16,2.37,2.39,2.36,2.36,2541497.5,-0.01,-0.42,2.382,2.388,2.403,3576918.5,3363655.19,3048083.11,-10000,100,0,100,12745.6
12/15/16,2.35,2.36,2.31,2.27,4081803.75,-0.05,-2.12,2.368,2.376,2.4,3932670.1,3426025.24,3189535.29,-10000,500,0,500,13245.6
12/16/16,2.31,2.32,2.3,2.3,2069360.25,-0.01,-0.43,2.346,2.364,2.397,3621238.5,3273126.99,3221104.76,-10000,100,0,100,13345.6
12/19/16,2.3,2.31,2.29,2.29,2027300.62,-0.01,-0.43,2.326,2.356,2.392,2839726.82,3020154.8,3163889.64,-10000,100,0,100,13445.6
12/20/16,2.29,2.3,2.28,2.26,2181082,-0.01,-0.44,2.308,2.347,2.385,2580208.82,3034876.61,3139468.09,-10000,100,0,100,13545.6
12/21/16,2.28,2.31,2.3,2.28,3288750.25,0.02,0.88,2.296,2.339,2.379,2729659.37,3153288.94,3196197.85,-10000,-200,0,-200,13345.6
12/22/16,2.3,2.3,2.29,2.28,1293380.5,-0.01,-0.43,2.292,2.33,2.372,2171974.72,3052322.41,3153640.44,-10000,100,0,100,13445.6
12/23/16,2.29,2.29,2.28,2.27,1589925.62,-0.01,-0.44,2.288,2.317,2.364,2076087.8,2848663.15,3093267.97,-10000,100,0,100,13545.6
12/26/16,2.27,2.3,2.3,2.26,3005143.75,0.02,0.88,2.29,2.308,2.355,2271656.42,2555691.62,3108812.01,-10000,-200,0,-200,13345.6
12/27/16,2.3,2.3,2.29,2.29,1829392.88,-0.01,-0.43,2.292,2.3,2.347,2201318.6,2390763.71,3028732.55,-10000,100,0,100,13445.6
12/28/16,2.29,2.29,2.28,2.27,2137652,-0.01,-0.44,2.288,2.292,2.34,1971098.95,2350379.16,2857017.18,-10000,100,0,100,13545.6
12/29/16,2.28,2.29,2.28,2.27,2142421.75,0,0,2.286,2.289,2.333,2140907.2,2156440.96,2791233.1,-10000,0,0,0,13545.6
12/30/16,2.28,2.29,2.29,2.28,2386427.5,0.01,0.44,2.288,2.288,2.326,2300207.58,2188147.69,2730637.34,-10000,-100,0,-100,13445.6
1/3/17,2.29,2.31,2.31,2.29,2716432.5,0.02,0.87,2.29,2.29,2.323,2242465.33,2257060.88,2638607.84,-10000,-200,0,-200,13245.6
1/4/17,2.3,2.33,2.33,2.3,2243780.25,0.02,0.87,2.298,2.295,2.321,2325342.8,2263330.7,2649103.66,-10000,-200,0,-200,13045.6
1/5/17,2.32,2.33,2.32,2.32,1653052.62,-0.01,-0.43,2.306,2.297,2.318,2228422.92,2099760.94,2626524.94,-10000,100,0,100,13145.6
1/6/17,2.32,2.33,2.31,2.31,1093260.25,-0.01,-0.43,2.312,2.299,2.315,2018590.62,2079748.91,2566035.66,-10000,100,0,100,13245.6
1/9/17,2.31,2.32,2.32,2.31,1460191.12,0.01,0.43,2.318,2.303,2.31,1833343.35,2066775.46,2457719.31,-10000,-100,0,-100,13145.6
1/10/17,2.32,2.32,2.31,2.31,1182091.38,-0.01,-0.43,2.318,2.304,2.306,1526475.12,1884470.23,2220080.92,10000,-100,6.96,-93.04,13052.56
1/11/17,2.31,2.32,2.3,2.3,1804038.5,-0.01,-0.43,2.312,2.305,2.303,1438526.77,1881934.79,2136349.25,10000,-100,0,-100,12952.56
1/12/17,2.3,2.31,2.3,2.3,1581768.62,0,0,2.308,2.307,2.3,1424269.97,1826346.45,2088362.81,10000,0,0,0,12952.56
1/13/17,2.3,2.32,2.31,2.29,1652974.25,0.01,0.43,2.308,2.31,2.3,1536212.77,1777401.7,1966921.33,10000,100,0,100,13052.56
1/16/17,2.31,2.34,2.34,2.29,4368298.5,0.03,1.3,2.312,2.315,2.302,2117834.25,1975588.8,2081868.24,10000,300,0,300,13352.56
1/17/17,2.33,2.34,2.33,2.32,1401623.5,-0.01,-0.43,2.316,2.317,2.304,2161740.67,1844107.9,2050584.39,10000,-100,0,-100,13252.56
1/18/17,2.33,2.35,2.34,2.33,1859741.75,0.01,0.43,2.324,2.318,2.307,2172881.32,1805704.05,2034517.37,10000,100,0,100,13352.56
1/19/17,2.34,2.35,2.33,2.33,2441889.5,-0.01,-0.43,2.33,2.319,2.308,2344905.5,1884587.74,1992174.34,10000,-100,0,-100,13252.56
1/20/17,2.34,2.35,2.35,2.33,1844402,0.02,0.86,2.338,2.323,2.311,2383191.05,1959701.91,2019725.41,10000,200,0,200,13452.56
1/23/17,2.35,2.36,2.35,2.34,3139089.25,0,0,2.34,2.326,2.315,2137349.2,2127591.73,2097183.59,10000,0,0,0,13452.56
1/24/17,2.35,2.36,2.35,2.35,1769305.12,0,0,2.344,2.33,2.317,2210885.52,2186313.1,2035391.66,10000,0,0,0,13452.56
1/25/17,2.35,2.36,2.36,2.35,1647286.12,0.01,0.43,2.348,2.336,2.321,2168394.4,2170637.86,2026286.32,10000,100,0,100,13552.56
1/26/17,2.36,2.37,2.37,2.36,1961230.88,0.01,0.42,2.356,2.343,2.325,2072262.67,2208584.09,2017465.27,10000,100,0,100,13652.56
2/3/17,2.37,2.37,2.34,2.34,1455852.62,-0.03,-1.27,2.354,2.346,2.328,1994552.8,2188871.92,1983136.81,10000,-300,0,-300,13352.56
2/6/17,2.35,2.35,2.34,2.34,1548299.25,0,0,2.352,2.346,2.331,1676394.8,1906872,1941230.4,10000,0,0,0,13352.56
2/7/17,2.34,2.35,2.34,2.33,1408960.38,0,0,2.35,2.347,2.332,1604325.85,1907605.69,1875856.79,10000,0,0,0,13352.56
2/8/17,2.34,2.35,2.35,2.32,1684465,0.01,0.43,2.348,2.348,2.333,1611761.63,1890078.01,1847891.03,10000,100,0,100,13452.56
2/9/17,2.35,2.37,2.35,2.34,2331213,0,0,2.344,2.35,2.335,1685758.05,1879010.36,1881799.05,10000,0,0,0,13452.56
2/10/17,2.36,2.37,2.37,2.36,2733694.25,0.02,0.85,2.35,2.352,2.338,1941326.38,1967939.59,1963820.75,10000,200,0,200,13652.56
2/13/17,2.37,2.38,2.38,2.37,2488312,0.01,0.42,2.358,2.355,2.341,2129328.93,1902861.86,2015226.79,10000,100,0,100,13752.56
2/14/17,2.38,2.38,2.37,2.37,1415678.88,-0.01,-0.42,2.364,2.357,2.344,2130672.63,1867499.24,2026906.17,10000,-100,0,-100,13652.56
2/15/17,2.37,2.38,2.37,2.37,1377216.5,0,0,2.368,2.358,2.347,2069222.93,1840492.28,2005565.07,10000,0,0,0,13652.56
2/16/17,2.37,2.38,2.37,2.37,1157874.5,0,0,2.372,2.358,2.351,1834555.23,1760156.64,1984370.36,10000,0,0,0,13652.56
2/17/17,2.38,2.39,2.36,2.36,1968658.12,-0.01,-0.42,2.37,2.36,2.353,1681548,1811437.19,2000154.56,10000,-100,0,-100,13552.56
2/20/17,2.36,2.4,2.4,2.36,4045644,0.04,1.7,2.374,2.366,2.356,1993014.4,2061171.66,1984021.83,10000,400,0,400,13952.56
2/21/17,2.4,2.41,2.39,2.39,2494719.5,-0.01,-0.42,2.378,2.371,2.359,2208822.52,2169747.58,2038676.63,10000,-100,0,-100,13852.56
2/22/17,2.39,2.4,2.4,2.39,2137838.75,0.01,0.42,2.384,2.376,2.362,2360946.97,2215084.95,2052581.48,10000,100,0,100,13952.56
2/23/17,2.4,2.4,2.39,2.38,1483924.25,-0.01,-0.42,2.388,2.38,2.365,2426156.92,2130356.08,2004683.22,10000,-100,0,-100,13852.56
2/24/17,2.39,2.39,2.39,2.37,2544948.25,0,0,2.394,2.382,2.367,2541414.95,2111481.48,2039710.53,10000,0,0,0,13852.56
2/27/17,2.38,2.38,2.37,2.36,1819209.5,-0.02,-0.84,2.388,2.381,2.368,2096128.05,2044571.23,1973716.54,10000,-200,0,-200,13652.56
2/28/17,2.37,2.38,2.37,2.36,1632510.38,0,0,2.384,2.381,2.369,1923686.23,2066254.38,1966876.81,10000,0,0,0,13652.56
3/1/17,2.37,2.38,2.37,2.37,2103578.25,0,0,2.378,2.381,2.37,1916834.13,2138890.55,1989691.41,10000,0,0,0,13652.56
3/2/17,2.37,2.38,2.35,2.35,1443827.5,-0.02,-0.84,2.37,2.379,2.369,1908814.78,2167485.85,1963821.24,10000,-200,0,-200,13452.56
3/3/17,2.35,2.35,2.34,2.34,1382678.5,-0.01,-0.43,2.36,2.377,2.369,1676360.83,2108887.89,1960162.54,10000,-100,0,-100,13352.56
3/6/17,2.34,2.35,2.35,2.34,1559258.75,0.01,0.43,2.356,2.372,2.369,1624370.68,1860249.36,1960710.51,-10000,-100,7.02,-92.98,13259.58
3/7/17,2.35,2.35,2.35,2.35,1412334.88,0,0,2.352,2.368,2.37,1580335.58,1752010.9,1960879.24,-10000,0,0,0,13259.58
3/8/17,2.35,2.36,2.36,2.35,1131251.5,0.01,0.43,2.35,2.364,2.37,1385870.23,1651352.18,1933218.56,-10000,-100,0,-100,13159.58
3/9/17,2.35,2.35,2.34,2.33,1477523.88,-0.02,-0.85,2.348,2.359,2.37,1392609.5,1650712.14,1890534.11,-10000,200,0,200,13359.58
3/10/17,2.34,2.34,2.34,2.34,950259.62,0,0,2.348,2.354,2.368,1306125.73,1491243.28,1801362.38,-10000,0,0,0,13359.58
3/13/17,2.33,2.36,2.36,2.33,1606165.75,0.02,0.85,2.35,2.353,2.367,1315507.13,1469938.9,1757255.06,-10000,-200,0,-200,13159.58
3/14/17,2.36,2.36,2.35,2.35,778545.5,-0.01,-0.42,2.35,2.351,2.366,1188749.25,1384542.41,1725398.39,-10000,100,0,100,13259.58
3/15/17,2.35,2.36,2.35,2.34,1037653.94,0,0,2.348,2.349,2.365,1170029.74,1277949.98,1708420.27,-10000,0,0,0,13259.58
3/16/17,2.36,2.38,2.37,2.36,1887141,0.02,0.85,2.354,2.351,2.365,1251953.16,1322281.33,1744883.59,-10000,-200,0,-200,13059.58
3/17/17,2.37,2.37,2.34,2.34,2173504.75,-0.03,-1.27,2.354,2.351,2.364,1496602.19,1401363.96,1755125.92,-10000,300,0,300,13359.58
3/20/17,2.35,2.35,2.35,2.34,997252.94,0.01,0.43,2.352,2.351,2.362,1374819.63,1345163.38,1602706.37,-10000,-100,0,-100,13259.58
3/21/17,2.35,2.36,2.35,2.35,1873622.75,0,0,2.352,2.351,2.36,1593835.08,1391292.16,1571651.53,-10000,0,0,0,13259.58
3/22/17,2.35,2.35,2.34,2.33,2182631.5,-0.01,-0.43,2.35,2.349,2.357,1822830.59,1496430.16,1573891.17,-10000,100,0,100,13359.58
3/23/17,2.34,2.35,2.34,2.33,1361271.12,0,0,2.344,2.349,2.354,1717656.61,1484804.89,1567758.51,-10000,0,0,0,13359.58
3/24/17,2.35,2.37,2.36,2.34,1946965.75,0.02,0.85,2.348,2.351,2.353,1672348.81,1584475.5,1537859.39,-10000,-200,0,-200,13159.58
3/27/17,2.36,2.38,2.36,2.36,1740014.75,0,0,2.35,2.351,2.352,1820901.17,1597860.4,1533899.65,-10000,0,0,0,13159.58
3/28/17,2.36,2.37,2.35,2.35,1670864.75,-0.01,-0.42,2.35,2.351,2.351,1780349.57,1687092.33,1535817.37,-10000,100,0,100,13259.58
3/29/17,2.36,2.36,2.35,2.35,1392728.25,0,0,2.352,2.351,2.35,1622368.92,1722599.76,1500274.87,-10000,0,0,0,13259.58
3/30/17,2.35,2.36,2.34,2.34,2658567.75,-0.01,-0.43,2.352,2.348,2.35,1881828.25,1799742.43,1561011.88,10000,-100,7.05,-92.95,13166.63
3/31/17,2.34,2.36,2.36,2.34,1710043.25,0.02,0.85,2.352,2.35,2.351,1834443.75,1753396.28,1577380.12,10000,200,0,200,13366.63
4/5/17,2.37,2.38,2.38,2.36,1852731.38,0.02,0.85,2.356,2.353,2.352,1856987.08,1838944.13,1592053.75,10000,200,0,200,13566.63
4/6/17,2.38,2.39,2.38,2.37,2820088.75,0,0,2.362,2.356,2.354,2086831.88,1933590.73,1662441.44,10000,0,0,0,13566.63
4/7/17,2.39,2.39,2.38,2.38,1548983.62,0,0,2.368,2.36,2.355,2118082.95,1870225.94,1683328.05,10000,0,0,0,13566.63
4/10/17,2.38,2.39,2.38,2.38,1296306,0,0,2.376,2.364,2.357,1845630.6,1863729.43,1674267.16,10000,0,0,0,13566.63
4/11/17,2.37,2.38,2.38,2.35,2574388,0,0,2.38,2.366,2.359,2018499.55,1926471.65,1755473.58,10000,0,0,0,13566.63
4/12/17,2.38,2.38,2.37,2.36,1530671,-0.01,-0.42,2.378,2.367,2.359,1954087.47,1905537.28,1751698.84,10000,-100,0,-100,13466.63
4/13/17,2.37,2.38,2.37,2.37,1756562.62,0,0,2.376,2.369,2.36,1741382.25,1914107.06,1800599.69,10000,0,0,0,13466.63
4/14/17,2.37,2.37,2.35,2.35,2096911.62,-0.02,-0.84,2.37,2.369,2.36,1850967.85,1984525.4,1853562.58,10000,-200,0,-200,13266.63
4/17/17,2.35,2.36,2.35,2.34,2794262,0,0,2.364,2.37,2.359,2150559.05,1998094.82,1898918.63,10000,0,0,0,13266.63
4/18/17,2.35,2.35,2.34,2.34,1423344.75,-0.01,-0.43,2.356,2.368,2.359,1920350.4,1969424.97,1861410.63,10000,-100,0,-100,13166.63
4/19/17,2.33,2.34,2.32,2.31,3465282.25,-0.02,-0.85,2.346,2.362,2.358,2307272.65,2130680.06,1984812.09,-10000,200,7.02,207.02,13373.65
4/20/17,2.32,2.33,2.33,2.32,1851907.88,0.01,0.43,2.338,2.357,2.357,2326341.7,2033861.97,1983726.35,-10000,-100,0,-100,13273.65
4/21/17,2.33,2.35,2.34,2.33,2031211.25,0.01,0.43,2.336,2.353,2.357,2313201.63,2082084.74,1976155.34,-10000,-100,0,-100,13173.65
4/24/17,2.34,2.34,2.34,2.32,2487214,0,0,2.334,2.349,2.357,2251792.03,2201175.54,2032452.48,-10000,0,0,0,13173.65
4/25/17,2.33,2.34,2.34,2.33,1745779.88,0,0,2.334,2.345,2.356,2316279.05,2118314.73,2022393.19,-10000,0,0,0,13173.65
4/26/17,2.34,2.36,2.34,2.34,2282895,0,0,2.338,2.342,2.355,2079801.6,2193537.13,2049537.2,-10000,0,0,0,13173.65
4/27/17,2.34,2.35,2.34,2.33,1543849.12,0,0,2.34,2.339,2.354,2018189.85,2172265.78,2043186.42,-10000,0,0,0,13173.65
4/28/17,2.34,2.34,2.34,2.33,1834581.75,0,0,2.34,2.338,2.354,1978863.95,2146032.79,2065279.09,-10000,0,0,0,13173.65
5/2/17,2.34,2.35,2.33,2.33,820258,-0.01,-0.43,2.338,2.336,2.353,1645472.75,1948632.39,1973363.61,-10000,100,0,100,13273.65
5/3/17,2.33,2.34,2.33,2.32,1594104.5,0,0,2.336,2.335,2.352,1615137.67,1965708.36,1967566.67,-10000,0,0,0,13273.65
5/4/17,2.32,2.33,2.32,2.31,1792657.12,-0.01,-0.43,2.332,2.335,2.349,1517090.1,1798445.85,1964562.96,-10000,100,0,100,13373.65
5/5/17,2.32,2.32,2.31,2.3,2671015.75,-0.01,-0.43,2.326,2.333,2.345,1742523.42,1880356.64,1957109.31,-10000,100,0,100,13473.65
5/8/17,2.31,2.32,2.32,2.3,3890832.75,0.01,0.43,2.322,2.331,2.342,2153773.62,2066318.79,2074201.76,-10000,-100,0,-100,13373.65
5/9/17,2.31,2.32,2.32,2.31,1456514.75,0,0,2.32,2.329,2.339,2281024.97,1963248.86,2082212.2,-10000,0,0,0,13373.65
5/10/17,2.32,2.33,2.32,2.32,2566049,0,0,2.318,2.327,2.336,2475413.87,2045275.77,2081795.25,-10000,0,0,0,13373.65
5/11/17,2.32,2.34,2.33,2.32,2921606.25,0.01,0.43,2.32,2.326,2.334,2701203.7,2109146.9,2151342.01,-10000,-100,0,-100,13273.65
5/12/17,2.33,2.37,2.37,2.33,5479670,0.04,1.72,2.332,2.329,2.334,3262934.55,2502728.99,2337497.38,-10000,-400,0,-400,12873.65
5/15/17,2.37,2.39,2.37,2.37,1804525.88,0,0,2.342,2.332,2.335,2845673.18,2499723.4,2322878.09,-10000,0,0,0,12873.65
5/16/17,2.37,2.38,2.38,2.36,1872077.25,0.01,0.42,2.354,2.337,2.337,2928785.68,2604905.33,2276768.86,10000,100,7.11,107.11,12980.76
5/17/17,2.38,2.38,2.36,2.36,1570248.38,-0.02,-0.84,2.362,2.34,2.338,2729625.55,2602519.71,2284114.04,10000,-200,0,-200,12780.76
5/18/17,2.35,2.36,2.35,2.34,1901212.12,-0.01,-0.42,2.366,2.343,2.339,2525546.73,2613375.21,2205910.53,10000,-100,0,-100,12680.76
5/19/17,2.35,2.36,2.36,2.35,1394331.25,0.01,0.43,2.364,2.348,2.341,1708478.98,2485706.76,2183031.7,10000,100,0,100,12780.76
5/22/17,2.36,2.38,2.37,2.35,2710722,0.01,0.42,2.364,2.353,2.342,1889718.2,2367695.69,2217007.24,10000,100,0,100,12880.76
5/23/17,2.37,2.4,2.4,2.37,4897237,0.03,1.27,2.368,2.361,2.345,2494750.15,2711767.91,2337508.39,10000,300,0,300,13180.76
5/24/17,2.4,2.41,2.4,2.38,2836901.25,0,0,2.376,2.369,2.348,2748080.72,2738853.14,2392064.46,10000,0,0,0,13180.76
5/25/17,2.39,2.48,2.47,2.39,4586789.5,0.07,2.92,2.4,2.383,2.355,3285196.2,2905371.46,2507259.18,10000,700,0,700,13880.76
5/26/17,2.46,2.48,2.47,2.45,2042687.12,0,0,2.422,2.393,2.361,3414867.37,2561673.17,2532201.08,10000,0,0,0,13880.76
5/31/17,2.47,2.5,2.48,2.46,2429730.25,0.01,0.41,2.444,2.404,2.368,3358669.02,2624193.61,2561958.51,10000,100,0,100,13980.76
6/1/17,2.47,2.49,2.49,2.46,1880518.75,0.01,0.4,2.462,2.415,2.376,2755325.37,2625037.76,2614971.54,10000,100,0,100,14080.76
6/2/17,2.49,2.49,2.47,2.47,2081020,-0.02,-0.8,2.476,2.426,2.383,2604149.12,2676114.92,2639317.32,10000,-200,0,-200,13880.76
6/5/17,2.46,2.47,2.44,2.44,2236129.5,-0.03,-1.22,2.47,2.435,2.389,2134017.12,2709606.66,2661490.94,10000,-300,0,-300,13580.76
6/6/17,2.44,2.46,2.46,2.44,2596412,0.02,0.82,2.468,2.445,2.397,2244762.1,2829814.74,2657760.75,10000,200,0,200,13780.76
6/7/17,2.46,2.49,2.48,2.46,2287067.5,0.02,0.81,2.468,2.456,2.405,2216229.55,2787449.29,2577572.49,10000,200,0,200,13980.76
6/8/17,2.48,2.51,2.5,2.47,2505981.5,0.02,0.81,2.47,2.466,2.414,2341322.1,2548323.74,2630045.83,10000,200,0,200,14180.76
6/9/17,2.5,2.53,2.52,2.5,3358548.75,0.02,0.8,2.48,2.478,2.424,2596827.85,2600488.49,2669670.81,10000,200,0,200,14380.76
6/12/17,2.51,2.54,2.51,2.51,2400504.25,-0.01,-0.4,2.494,2.482,2.433,2629702.8,2381859.96,2643615.71,10000,-100,0,-100,14280.76
6/13/17,2.51,2.51,2.51,2.49,2253672.75,0,0,2.504,2.486,2.44,2561154.95,2402958.53,2482315.85,10000,0,0,0,14280.76
6/14/17,2.51,2.51,2.48,2.48,2865079.25,-0.03,-1.2,2.504,2.486,2.445,2676757.3,2446493.42,2535343.52,10000,-300,0,-300,13980.76
6/15/17,2.48,2.49,2.47,2.46,3417638.75,-0.01,-0.4,2.498,2.484,2.45,2859088.75,2600205.42,2612621.59,10000,-100,0,-100,13880.76
6/16/17,2.47,2.48,2.46,2.46,2421800.75,-0.01,-0.41,2.486,2.483,2.455,2671739.15,2634283.5,2655199.21,10000,-100,0,-100,13780.76
6/19/17,2.46,2.5,2.5,2.46,2588611.75,0.04,1.63,2.484,2.489,2.462,2709360.65,2669531.73,2689569.19,10000,400,0,400,14180.76
6/20/17,2.5,2.51,2.48,2.48,1787608.75,-0.02,-0.8,2.478,2.491,2.468,2616147.85,2588651.4,2709233.07,10000,-200,0,-200,13980.76
6/21/17,2.5,2.51,2.51,2.48,3144251.5,0.03,1.21,2.484,2.494,2.475,2671982.3,2674369.8,2730909.54,10000,300,0,300,14280.76
6/22/17,2.5,2.56,2.52,2.49,5262391,0.01,0.4,2.494,2.496,2.481,3040932.75,2950010.75,2749167.24,10000,100,0,100,14380.76
6/23/17,2.52,2.54,2.54,2.51,2881168.5,0.02,0.79,2.51,2.498,2.488,3132806.3,2902272.73,2751380.61,10000,200,0,200,14580.76
6/26/17,2.54,2.57,2.55,2.54,3383752.75,0.01,0.39,2.52,2.502,2.492,3291834.5,3000597.58,2691228.77,10000,100,0,100,14680.76
6/27/17,2.55,2.57,2.56,2.54,3131230.75,0.01,0.39,2.536,2.507,2.497,3560558.9,3088353.38,2745655.95,10000,100,0,100,14780.76
6/28/17,2.56,2.57,2.55,2.55,2585744.25,-0.01,-0.39,2.544,2.514,2.5,3448857.45,3060419.88,2753456.65,10000,-100,0,-100,14680.76
6/29/17,2.55,2.57,2.57,2.54,1889145.5,0.02,0.78,2.554,2.524,2.504,2774208.35,2907570.55,2753887.99,10000,200,0,200,14880.76
6/30/17,2.55,2.56,2.56,2.55,1796644.75,-0.01,-0.39,2.558,2.534,2.509,2557303.6,2845054.95,2739669.23,10000,-100,0,-100,14780.76
7/3/17,2.56,2.56,2.54,2.53,1763846.5,-0.02,-0.78,2.556,2.538,2.514,2233322.35,2762578.43,2716055.08,10000,-200,0,-200,14580.76
7/4/17,2.54,2.55,2.52,2.52,2422040.75,-0.02,-0.79,2.548,2.542,2.517,2091484.35,2826021.63,2707336.51,10000,-200,0,-200,14380.76
7/5/17,2.52,2.57,2.56,2.52,2455481.75,0.04,1.59,2.55,2.547,2.521,2065431.85,2757144.65,2715757.23,10000,400,0,400,14780.76
7/6/17,2.56,2.58,2.57,2.55,2155174.25,0.01,0.39,2.55,2.552,2.524,2118637.6,2446422.98,2698216.86,10000,100,0,100,14880.76
7/7/17,2.56,2.57,2.56,2.55,2380477.25,-0.01,-0.39,2.55,2.554,2.526,2235404.1,2396353.85,2649313.29,10000,-100,0,-100,14780.76
7/10/17,2.56,2.58,2.58,2.55,2457109,0.02,0.78,2.558,2.557,2.53,2374056.6,2303689.48,2652143.53,10000,200,0,200,14980.76
7/11/17,2.57,2.63,2.6,2.57,3741320.75,0.02,0.78,2.574,2.561,2.534,2637912.6,2364698.48,2726525.93,10000,200,0,200,15180.76
7/12/17,2.6,2.64,2.6,2.59,3300303.25,0,0,2.582,2.566,2.54,2806876.9,2436154.38,2748287.13,10000,0,0,0,15180.76
7/13/17,2.6,2.64,2.64,2.6,3178567,0.04,1.54,2.596,2.573,2.549,3011555.45,2565096.53,2736333.54,10000,400,0,400,15580.76
7/14/17,2.64,2.67,2.67,2.63,2483724.5,0.03,1.14,2.618,2.584,2.559,3032204.9,2633804.5,2739429.73,10000,300,0,300,15880.76
7/17/17,2.67,2.71,2.67,2.64,7414212.5,0,0,2.636,2.597,2.568,4023625.6,3198841.1,2980709.76,10000,0,0,0,15880.76
7/18/17,2.66,2.68,2.66,2.64,5012167,-0.01,-0.38,2.648,2.611,2.577,4277794.85,3457853.73,3141937.68,10000,-100,0,-100,15780.76
7/19/17,2.66,2.7,2.7,2.66,4137178.25,0.04,1.5,2.668,2.625,2.586,4445169.85,3626023.38,3191584.01,10000,400,0,400,16180.76
7/20/17,2.7,2.71,2.71,2.69,4311091,0.01,0.37,2.682,2.639,2.596,4671674.65,3841615.05,3144019.01,10000,100,0,100,16280.76
7/21/17,2.7,2.7,2.68,2.68,3724236.25,-0.03,-1.11,2.684,2.651,2.603,4919777,3975990.95,3186172.4,10000,-300,0,-300,15980.76
7/24/17,2.67,2.71,2.7,2.67,3115064,0.02,0.75,2.69,2.663,2.61,4059947.3,4041786.45,3172737.96,10000,200,0,200,16180.76
7/25/17,2.7,2.71,2.68,2.68,3742524.75,-0.02,-0.74,2.694,2.671,2.616,3806018.85,4041906.85,3203302.66,10000,-200,0,-200,15980.76
7/26/17,2.68,2.71,2.68,2.66,4600481.5,0,0,2.69,2.679,2.623,3898679.5,4171924.68,3304039.53,10000,0,0,0,15980.76
7/27/17,2.67,2.69,2.68,2.66,2331159.25,0,0,2.684,2.683,2.628,3502693.15,4087183.9,3326140.21,10000,0,0,0,15980.76
7/28/17,2.67,2.69,2.68,2.67,1610682.62,0,0,2.684,2.684,2.634,3079982.42,3999879.71,3316842.11,10000,0,0,0,15980.76
7/31/17,2.68,2.69,2.68,2.67,2307538.75,0,0,2.68,2.685,2.641,2918477.37,3489212.34,3344026.72,10000,0,0,0,15980.76
8/1/17,2.68,2.73,2.72,2.68,3144038.5,0.04,1.49,2.688,2.691,2.651,2798780.12,3302399.49,3380126.61,10000,400,0,400,16380.76
8/2/17,2.73,2.74,2.73,2.72,3308424,0.01,0.37,2.698,2.694,2.66,2540368.62,3219524.06,3422773.72,10000,100,0,100,16480.76
8/3/17,2.72,2.74,2.69,2.69,4339767.5,-0.04,-1.47,2.7,2.692,2.666,2942090.27,3222391.71,3532003.38,10000,-400,0,-400,16080.76
8/4/17,2.69,2.7,2.67,2.67,2245588.5,-0.02,-0.74,2.698,2.691,2.671,3069071.45,3074526.94,3525258.94,10000,-200,0,-200,15880.76
8/7/17,2.67,2.69,2.68,2.66,1938120.25,0.01,0.38,2.698,2.689,2.676,2995187.75,2956832.56,3499309.51,10000,100,0,100,15980.76
8/8/17,2.68,2.69,2.68,2.67,1451225.75,0,0,2.69,2.689,2.68,2656625.2,2727702.66,3384804.76,10000,0,0,0,15980.76
8/9/17,2.68,2.68,2.66,2.66,2038579.38,-0.02,-0.75,2.676,2.687,2.683,2402656.28,2471512.45,3321718.56,10000,-200,0,-200,15780.76
8/10/17,2.66,2.68,2.66,2.64,3478412.25,0,0,2.67,2.685,2.684,2230385.23,2586237.75,3336710.83,-10000,0,7.98,7.98,15788.74
8/11/17,2.64,2.65,2.61,2.61,3271999,-0.05,-1.88,2.658,2.678,2.681,2435667.33,2752369.39,3376124.55,-10000,500,0,500,16288.74
8/14/17,2.62,2.64,2.64,2.61,3423437.25,0.03,1.15,2.65,2.674,2.68,2732730.73,2863959.24,3176585.79,-10000,-300,0,-300,15988.74
8/15/17,2.64,2.67,2.65,2.64,3522193.25,0.01,0.38,2.644,2.667,2.679,3146924.23,2901774.71,3102087.1,-10000,-100,0,-100,15888.74
8/16/17,2.65,2.65,2.64,2.63,1779781.75,-0.01,-0.38,2.64,2.658,2.676,3095164.7,2748910.49,2984217.27,-10000,100,0,100,15988.74
8/17/17,2.64,2.66,2.65,2.64,1425335.62,0.01,0.38,2.638,2.654,2.673,2684549.37,2457467.3,2839929.51,-10000,-100,0,-100,15888.74
8/18/17,2.64,2.67,2.66,2.64,2771559.25,0.01,0.38,2.648,2.653,2.672,2584461.42,2510064.38,2792295.66,-10000,-100,0,-100,15788.74
8/21/17,2.67,2.68,2.66,2.66,2303134.25,0,0,2.652,2.651,2.67,2360400.82,2546565.78,2751699.17,-10000,0,0,0,15788.74
8/22/17,2.67,2.69,2.69,2.66,3995656.5,0.03,1.13,2.66,2.652,2.671,2455093.47,2801008.85,2764355.76,-10000,-300,0,-300,15488.74
8/23/17,2.69,2.72,2.71,2.69,3033891,0.02,0.74,2.674,2.657,2.672,2705915.32,2900540.01,2686026.23,-10000,-200,0,-200,15288.74
8/24/17,2.71,2.72,2.7,2.69,2450099,-0.01,-0.37,2.684,2.661,2.673,2910868,2797708.69,2691973.22,10000,-100,8.13,-91.87,15196.87
8/25/17,2.7,2.76,2.76,2.7,4899013.5,0.06,2.22,2.704,2.676,2.677,3336358.85,2960410.14,2856389.76,10000,600,0,600,15796.87
8/28/17,2.77,2.82,2.79,2.77,5554768.5,0.03,1.09,2.73,2.691,2.683,3986685.7,3173543.26,3018751.25,10000,300,0,300,16096.87
8/29/17,2.79,2.8,2.79,2.78,3519969.25,0,0,2.75,2.705,2.686,3891548.25,3173320.86,3037547.79,10000,0,0,0,16096.87
8/30/17,2.79,2.81,2.77,2.77,3649440,-0.02,-0.72,2.762,2.718,2.688,4014658.05,3360286.69,3054598.59,10000,-200,0,-200,15896.87
8/31/17,2.78,2.79,2.77,2.75,5842383.5,0,0,2.776,2.73,2.692,4693114.95,3801991.48,3129729.39,10000,0,0,0,15896.87
9/1/17,2.77,2.79,2.76,2.75,4044970.25,-0.01,-0.36,2.776,2.74,2.697,4522306.3,3929332.58,3219698.48,10000,-100,0,-100,15796.87
9/4/17,2.76,2.77,2.76,2.75,2968715,0,0,2.77,2.75,2.701,4005095.6,3995890.65,3271228.21,10000,0,0,0,15796.87
9/5/17,2.76,2.79,2.78,2.76,3175202.75,0.02,0.72,2.768,2.759,2.706,3936142.3,3913845.28,3357427.06,10000,200,0,200,15996.87
9/6/17,2.78,2.78,2.76,2.76,3091919.75,-0.02,-0.72,2.766,2.764,2.711,3824638.25,3919648.15,3410094.08,10000,-200,0,-200,15796.87
9/7/17,2.77,2.77,2.74,2.74,2675443,-0.02,-0.72,2.76,2.768,2.715,3191250.15,3942182.55,3369945.62,10000,-200,0,-200,15596.87
9/8/17,2.74,2.75,2.74,2.73,1906751.38,0,0,2.756,2.766,2.721,2763606.38,3642956.34,3301683.24,10000,0,0,0,15596.87
9/11/17,2.74,2.76,2.73,2.73,3864359.5,-0.01,-0.36,2.75,2.76,2.726,2942735.28,3473915.44,3323729.35,10000,-100,0,-100,15496.87
9/12/17,2.74,2.75,2.75,2.73,3787961.25,0.02,0.73,2.744,2.756,2.731,3065286.98,3500714.64,3337017.75,10000,200,0,200,15696.87
9/13/17,2.74,2.75,2.74,2.73,3070605.75,-0.01,-0.36,2.74,2.753,2.736,3061024.18,3442831.21,3401558.95,10000,-100,0,-100,15596.87
9/14/17,2.74,2.75,2.72,2.72,2794696.25,-0.02,-0.73,2.736,2.748,2.739,3084874.83,3138062.49,3470026.98,10000,-200,0,-200,15396.87
9/15/17,2.72,2.73,2.72,2.71,2610550.75,0,0,2.732,2.744,2.742,3225634.7,2994620.54,3461976.56,-10000,0,8.16,8.16,15405.03
9/18/17,2.72,2.75,2.73,2.72,3199707,0.01,0.37,2.732,2.741,2.746,3092704.2,3017719.74,3506805.19,-10000,-100,0,-100,15305.03
9/19/17,2.73,2.74,2.72,2.71,3095470,-0.01,-0.37,2.726,2.735,2.747,2954205.95,3009746.46,3461795.87,-10000,100,0,100,15405.03
9/20/17,2.72,2.73,2.72,2.71,2210194.5,0,0,2.722,2.731,2.748,2782123.7,2921573.94,3420611.04,-10000,0,0,0,15405.03
9/21/17,2.72,2.74,2.73,2.71,2760949.5,0.01,0.37,2.724,2.73,2.749,2775374.35,2930124.59,3436153.57,-10000,-100,0,-100,15305.03
9/22/17,2.72,2.74,2.73,2.71,2745850.75,0,0,2.726,2.729,2.748,2802434.35,3014034.53,3328495.43,-10000,0,0,0,15305.03
9/25/17,2.72,2.73,2.73,2.72,3447473,0,0,2.726,2.729,2.745,2851987.55,2972345.88,3223130.66,-10000,0,0,0,15305.03
9/26/17,2.73,2.74,2.73,2.72,2489844.75,0,0,2.728,2.727,2.742,2730862.5,2842534.23,3171624.43,-10000,0,0,0,15305.03
9/27/17,2.73,2.73,2.71,2.71,6482281,-0.02,-0.73,2.726,2.724,2.739,3585279.8,3183701.75,3313266.48,-10000,200,0,200,15505.03
9/28/17,2.71,2.72,2.72,2.7,2659988.75,0.01,0.37,2.724,2.724,2.736,3565087.65,3170231,3154146.74,-10000,-100,0,-100,15405.03
9/29/17,2.72,2.74,2.73,2.72,4708403,0.01,0.37,2.724,2.725,2.735,3957598.1,3380016.23,3187318.38,-10000,-100,0,-100,15305.03
10/9/17,2.79,2.8,2.75,2.74,5753671.5,0.02,0.73,2.728,2.727,2.734,4418837.8,3635412.68,3326566.21,-10000,-200,0,-200,15105.03
10/10/17,2.75,2.76,2.75,2.73,5950614.5,0,0,2.732,2.73,2.733,5110991.75,3920927.13,3465336.79,-10000,0,0,0,15105.03
10/11/17,2.75,2.77,2.76,2.75,3333772,0.01,0.36,2.742,2.734,2.733,4481289.95,4033284.88,3477429.41,-10000,-100,0,-100,15005.03
10/12/17,2.76,2.78,2.77,2.75,2035754,0.01,0.36,2.752,2.738,2.734,4356443,3960765.33,3445444.96,10000,100,8.28,108.28,15113.31
10/13/17,2.77,2.78,2.77,2.77,1618771.12,0,0,2.76,2.742,2.736,3738516.62,3848057.36,3431045.94,10000,0,0,0,15113.31
10/16/17,2.77,2.79,2.78,2.77,3127203.5,0.01,0.36,2.766,2.747,2.738,3213223.02,3816030.41,3394188.14,10000,100,0,100,15213.31
10/17/17,2.78,2.79,2.78,2.77,2424663.25,0,0,2.772,2.752,2.74,2508032.77,3809512.26,3326023.24,10000,0,0,0,15213.31
10/18/17,2.78,2.81,2.8,2.78,6735698.5,0.02,0.72,2.78,2.761,2.743,3188418.07,3834854.01,3509277.88,10000,200,0,200,15413.31
10/19/17,2.8,2.81,2.81,2.8,3276864.5,0.01,0.36,2.788,2.77,2.747,3436640.17,3896541.59,3533386.29,10000,100,0,100,15513.31